CREATE DATABASE  IF NOT EXISTS `academy` /*!40100 DEFAULT CHARACTER SET utf8 COLLATE utf8_bin */;
USE `academy`;
-- MariaDB dump 10.19  Distrib 10.5.10-MariaDB, for Win64 (AMD64)
--
-- Host: 127.0.0.1    Database: academy
-- ------------------------------------------------------
-- Server version	10.5.10-MariaDB

/*!40101 SET @OLD_CHARACTER_SET_CLIENT=@@CHARACTER_SET_CLIENT */;
/*!40101 SET @OLD_CHARACTER_SET_RESULTS=@@CHARACTER_SET_RESULTS */;
/*!40101 SET @OLD_COLLATION_CONNECTION=@@COLLATION_CONNECTION */;
/*!40101 SET NAMES utf8 */;
/*!40103 SET @OLD_TIME_ZONE=@@TIME_ZONE */;
/*!40103 SET TIME_ZONE='+00:00' */;
/*!40014 SET @OLD_UNIQUE_CHECKS=@@UNIQUE_CHECKS, UNIQUE_CHECKS=0 */;
/*!40014 SET @OLD_FOREIGN_KEY_CHECKS=@@FOREIGN_KEY_CHECKS, FOREIGN_KEY_CHECKS=0 */;
/*!40101 SET @OLD_SQL_MODE=@@SQL_MODE, SQL_MODE='NO_AUTO_VALUE_ON_ZERO' */;
/*!40111 SET @OLD_SQL_NOTES=@@SQL_NOTES, SQL_NOTES=0 */;

--
-- Table structure for table `blacklist_tokens`
--

DROP TABLE IF EXISTS `blacklist_tokens`;
/*!40101 SET @saved_cs_client     = @@character_set_client */;
/*!40101 SET character_set_client = utf8 */;
CREATE TABLE `blacklist_tokens` (
  `token` varchar(500) NOT NULL,
  `date` datetime NOT NULL DEFAULT current_timestamp(),
  PRIMARY KEY (`token`)
) ENGINE=InnoDB DEFAULT CHARSET=utf8;
/*!40101 SET character_set_client = @saved_cs_client */;

--
-- Dumping data for table `blacklist_tokens`
--

LOCK TABLES `blacklist_tokens` WRITE;
/*!40000 ALTER TABLE `blacklist_tokens` DISABLE KEYS */;
INSERT INTO `blacklist_tokens` VALUES ('eyJhbGciOiJIUzI1NiIsInR5cCI6IkpXVCJ9.eyJpZCI6MjAsInVzZXJuYW1lIjoicnlmaW5AZmFudGFzeS5jb20iLCJyb2xlIjoyLCJpYXQiOjE2MzA2NDQ1ODd9.vyA4iUVPUYT2Q_n2Ycw2smBorl7QzpTW5sYLFMrEwfA','2021-09-03 07:50:40'),('eyJhbGciOiJIUzI1NiIsInR5cCI6IkpXVCJ9.eyJpZCI6MjcsInVzZXJuYW1lIjoiemF5YUBmYW50YXN5LmNvbSIsInJvbGUiOjIsImlhdCI6MTYzMDY0ODA5Mn0.ja6n_t3ISUw99u8ur-H0pCNSxDUUI_YT1srpq-g-HU8','2021-09-03 08:48:35'),('eyJhbGciOiJIUzI1NiIsInR5cCI6IkpXVCJ9.eyJpZCI6MjEsInVzZXJuYW1lIjoiZWxpQGZhbnRhc3kuY29tIiwicm9sZSI6MiwiaWF0IjoxNjMwNjQ0NzU0fQ.Yi_oSH3bdyeULnUXQjCexyVmfUVZ5I0kaJmPBv2Ns1k','2021-09-03 07:53:17'),('eyJhbGciOiJIUzI1NiIsInR5cCI6IkpXVCJ9.eyJpZCI6MjgsInVzZXJuYW1lIjoicm9jY2FAZmFudGFzeS5jb20iLCJyb2xlIjoyLCJpYXQiOjE2MzA2NDgxNDB9.HXwZ82MrDu2Mmk1RXBMrL3WDFRByl5ez5tjLU1mZO_s','2021-09-03 08:49:43'),('eyJhbGciOiJIUzI1NiIsInR5cCI6IkpXVCJ9.eyJpZCI6MjIsInVzZXJuYW1lIjoibGFycmluaUBmYW50YXN5LmNvbSIsInJvbGUiOjIsImlhdCI6MTYzMDY0NDgzN30.y1Zhp_6kJ7UDfhl9IQcKWgK5yideAe1kPeHfiSlqAjw','2021-09-03 07:55:12'),('eyJhbGciOiJIUzI1NiIsInR5cCI6IkpXVCJ9.eyJpZCI6MjksInVzZXJuYW1lIjoiaHlhcmFAZmFudGFzeS5jb20iLCJyb2xlIjoyLCJpYXQiOjE2MzA2NDgyMDh9.QsVQBEk6wQleeZV4aeCBsCcU0KbOlwkMeSkXYXDKyMY','2021-09-03 08:50:52'),('eyJhbGciOiJIUzI1NiIsInR5cCI6IkpXVCJ9.eyJpZCI6MjMsInVzZXJuYW1lIjoibmFzeXJhQGZhbnRhc3kuY29tIiwicm9sZSI6MiwiaWF0IjoxNjMwNjQ0OTQxfQ.6omhBxCapT0Fodtb0q7quKVbDPLAPb--9V_9KQNrNd8','2021-09-03 07:56:29'),('eyJhbGciOiJIUzI1NiIsInR5cCI6IkpXVCJ9.eyJpZCI6MjQsInVzZXJuYW1lIjoiaGFkZW5hQGZhbnRhc3kuY29tIiwicm9sZSI6MiwiaWF0IjoxNjMwNjQ2MTI0fQ.CkGtHpjhCOLfbBvq0KyO4uc6NXv65r2Wlpu1uoqad_o','2021-09-03 08:19:02'),('eyJhbGciOiJIUzI1NiIsInR5cCI6IkpXVCJ9.eyJpZCI6MjUsInVzZXJuYW1lIjoiYm9yb3NAZmFudGFzeS5jb20iLCJyb2xlIjoyLCJpYXQiOjE2MzA2NDY2Njd9.tRd1POKBkJgSnxFLgdBm1NI9gPvyjAJuFtrSBW3DiU4','2021-09-03 08:25:42'),('eyJhbGciOiJIUzI1NiIsInR5cCI6IkpXVCJ9.eyJpZCI6MjUsInVzZXJuYW1lIjoiYm9yb3NAZmFudGFzeS5jb20iLCJyb2xlIjoyLCJpYXQiOjE2MzA2NDYzNzJ9.ZS12EVqiw7F0esmE40shvYK2orC59huGGNhv03qJ2RE','2021-09-03 08:20:27'),('eyJhbGciOiJIUzI1NiIsInR5cCI6IkpXVCJ9.eyJpZCI6MjYsInVzZXJuYW1lIjoic2FnYW5hQGZhbnRhc3kuY29tIiwicm9sZSI6MiwiaWF0IjoxNjMwNjQ4MDE4fQ.NtQHCUM4M6bGeomsiv8DnZI7AmtvU___bD6GCNHRoPI','2021-09-03 08:47:23'),('eyJhbGciOiJIUzI1NiIsInR5cCI6IkpXVCJ9.eyJpZCI6MTAsInVzZXJuYW1lIjoidGVhY2hlckBnbWFpbC5jb20iLCJyb2xlIjoxLCJpYXQiOjE2MzA4MzI1MTd9.0WTmy7wSsshEwv66KwAtlIwgCe32pOl0XHSPCVGz8Og','2021-09-05 12:20:09'),('eyJhbGciOiJIUzI1NiIsInR5cCI6IkpXVCJ9.eyJpZCI6MTAsInVzZXJuYW1lIjoidGVhY2hlckBnbWFpbC5jb20iLCJyb2xlIjoyLCJpYXQiOjE2MzA1NjQ5NTB9.0IXIxcwJmXSWgaspS31PgiWvVftvY1Wpe5UPkDzlZFk','2021-09-02 09:43:53'),('eyJhbGciOiJIUzI1NiIsInR5cCI6IkpXVCJ9.eyJpZCI6MTcsInVzZXJuYW1lIjoicmF1a0BmYW50YXN5LmNvbSIsInJvbGUiOjIsImlhdCI6MTYzMDY0NDM0MX0.0ac4mFbqd31mMWsqeI2UbMiywuuyeit_bxjjwJE7WYU','2021-09-03 07:46:48'),('eyJhbGciOiJIUzI1NiIsInR5cCI6IkpXVCJ9.eyJpZCI6MTEsInVzZXJuYW1lIjoiZHdhcmZ5QG1haWwuYmciLCJyb2xlIjoyLCJpYXQiOjE2MzA1NjUwODB9.gSKPA14dUmwZwgayb3in5tU9IOGCIVM6MOwePMJyFoM','2021-09-02 09:46:21'),('eyJhbGciOiJIUzI1NiIsInR5cCI6IkpXVCJ9.eyJpZCI6MTEsInVzZXJuYW1lIjoiZHdhcmZ5QG1haWwuYmciLCJyb2xlIjoyLCJpYXQiOjE2MzA1NjUxOTZ9.jBAz7pc4HdFJnOpHh5mJGB4Lu8QdoTgYk7nQGpsf3lE','2021-09-02 09:46:44'),('eyJhbGciOiJIUzI1NiIsInR5cCI6IkpXVCJ9.eyJpZCI6MTEsInVzZXJuYW1lIjoiZHdhcmZ5QG1haWwuYmciLCJyb2xlIjoyLCJpYXQiOjE2MzA1NzQyMzF9.BRIgpfu5Z32wZq7BjUu4NM63y-aFY0GSzegmzbXJ_MI','2021-09-02 12:20:51'),('eyJhbGciOiJIUzI1NiIsInR5cCI6IkpXVCJ9.eyJpZCI6MTEsInVzZXJuYW1lIjoiZHdhcmZ5QG1haWwuYmciLCJyb2xlIjoyLCJpYXQiOjE2MzA1OTY3Mzh9.q05RX4_ApJ9sioeTSSlH6o15i0SGvDukv_bY4Xms_Ck','2021-09-02 18:32:35'),('eyJhbGciOiJIUzI1NiIsInR5cCI6IkpXVCJ9.eyJpZCI6MTEsInVzZXJuYW1lIjoiZHdhcmZ5QG1haWwuYmciLCJyb2xlIjoyLCJpYXQiOjE2MzA4MzI0Nzd9.8vxsGkUs4JHVaqnPN-iWMpz6Txxy7P8KDRFCxPZnEcs','2021-09-05 12:01:27'),('eyJhbGciOiJIUzI1NiIsInR5cCI6IkpXVCJ9.eyJpZCI6MTgsInVzZXJuYW1lIjoidmFzeUBmYW50YXN5LmNvbSIsInJvbGUiOjIsImlhdCI6MTYzMDY0NDQzMX0.Cqcs9pe6RPH7mVf8AGAww_a9FpCng1n2E34BeZxdcfM','2021-09-03 07:47:46'),('eyJhbGciOiJIUzI1NiIsInR5cCI6IkpXVCJ9.eyJpZCI6MTIsInVzZXJuYW1lIjoiY2FycGVyYUBmYW50YXN5LmNvbSIsInJvbGUiOjIsImlhdCI6MTYzMDY0MzM5N30.OwBENzmHXyucSNwPN16pX1kXFGPvATd0CWkwPekzJVE','2021-09-03 07:30:49'),('eyJhbGciOiJIUzI1NiIsInR5cCI6IkpXVCJ9.eyJpZCI6MTksInVzZXJuYW1lIjoidmFsb0BmYW50YXN5LmNvbSIsInJvbGUiOjIsImlhdCI6MTYzMDY0NDQ4OX0.YznHa2XlTAf4a52Dp0_mGVi68B0_J1ZjFhJ6M7wZdKs','2021-09-03 07:48:45'),('eyJhbGciOiJIUzI1NiIsInR5cCI6IkpXVCJ9.eyJpZCI6MTMsInVzZXJuYW1lIjoibmVkb0BmYW50YXN5LmNvbSIsInJvbGUiOjIsImlhdCI6MTYzMDY0MzQ3N30.Dqi91W-bOSZCCuSP1oVYwFjpT72pfxhYRXfJnTWTjYQ','2021-09-03 07:32:00'),('eyJhbGciOiJIUzI1NiIsInR5cCI6IkpXVCJ9.eyJpZCI6MTQsInVzZXJuYW1lIjoiZGV2YUBmYW50YXN5LmNvbSIsInJvbGUiOjIsImlhdCI6MTYzMDY0MzU1MX0.PiQxNh9ZQF7LfYH1Fhw5xfZe3IwetOU3bL8xH9IAYb4','2021-09-03 07:33:07'),('eyJhbGciOiJIUzI1NiIsInR5cCI6IkpXVCJ9.eyJpZCI6MTUsInVzZXJuYW1lIjoiY2FybHlAZmFudGFzeS5jb20iLCJyb2xlIjoyLCJpYXQiOjE2MzA2NDM2OTB9.-o5aMh2QQuPkIC3ZPo9WhU6bPXKqafWfhBY7kg6dtJA','2021-09-03 07:37:28'),('eyJhbGciOiJIUzI1NiIsInR5cCI6IkpXVCJ9.eyJpZCI6MTYsInVzZXJuYW1lIjoia3JhZG9AZmFudGFzeS5jb20iLCJyb2xlIjoyLCJpYXQiOjE2MzA2NDQyMjZ9.7ISD0ckolSIQVo35JnbrCunuRvWjgWOtQej84GXqFxw','2021-09-03 07:44:55'),('eyJhbGciOiJIUzI1NiIsInR5cCI6IkpXVCJ9.eyJpZCI6MzAsInVzZXJuYW1lIjoiY2Fzc2VtaXJAZmFudGFzeS5jb20iLCJyb2xlIjoyLCJpYXQiOjE2MzA2NDgyOTh9.4p-C8PBpCYfKBRudD92dEtD6e-Q-lY_gehgnFcHEPaU','2021-09-03 08:52:06'),('eyJhbGciOiJIUzI1NiIsInR5cCI6IkpXVCJ9.eyJpZCI6MzEsInVzZXJuYW1lIjoiYWtpbmFAZmFudGFzeS5jb20iLCJyb2xlIjoyLCJpYXQiOjE2MzA2NDgzNTZ9.kyjBbqa2GvC-lT8wtMGBlsiY8H8DlWT0xWvvjPa-QdM','2021-09-03 08:53:16'),('eyJhbGciOiJIUzI1NiIsInR5cCI6IkpXVCJ9.eyJpZCI6MzIsInVzZXJuYW1lIjoiZGFya3BlcmxAYWJ2LmJnIiwicm9sZSI6MiwiaWF0IjoxNjMwNjU0NDYxfQ.55yrqKnaQIojMIa-VKjGN7uLBCzLZlLaF1NVbm5fXT8','2021-09-03 12:24:20'),('eyJhbGciOiJIUzI1NiIsInR5cCI6IkpXVCJ9.eyJpZCI6MzIsInVzZXJuYW1lIjoiZGFya3BlcmxAYWJ2LmJnIiwicm9sZSI6MiwiaWF0IjoxNjMwNjUzODE5fQ.-eCvx9W4pqFjAtBf_sa3L59l4SrbYejxDq-m3LMRt3o','2021-09-03 10:26:03'),('eyJhbGciOiJIUzI1NiIsInR5cCI6IkpXVCJ9.eyJpZCI6MzIsInVzZXJuYW1lIjoiZGFya3BlcmxAYWJ2LmJnIiwicm9sZSI6MiwiaWF0IjoxNjMwNjY4OTE2fQ.KUEgWDM2ioQ7mRkLWuX9pkBQyn2AAOk9YbJ6icZTXOw','2021-09-03 14:37:23'),('eyJhbGciOiJIUzI1NiIsInR5cCI6IkpXVCJ9.eyJpZCI6OSwidXNlcm5hbWUiOiJ0ZWFjaGVyQG1haWwuYmciLCJyb2xlIjoxLCJpYXQiOjE2MzA1NjUyMjR9.Z58qjc9sUCXVOWfgp1P10YC4GOS9KRCJ6bxLT6gPzw4','2021-09-02 09:56:30'),('eyJhbGciOiJIUzI1NiIsInR5cCI6IkpXVCJ9.eyJpZCI6OSwidXNlcm5hbWUiOiJ0ZWFjaGVyQG1haWwuYmciLCJyb2xlIjoxLCJpYXQiOjE2MzA1NzIzMDV9.VJEr9KzwLb8AeHuW7OS1rFgafDAUvwKhXVddC6J5gOU','2021-09-02 12:16:49'),('eyJhbGciOiJIUzI1NiIsInR5cCI6IkpXVCJ9.eyJpZCI6OSwidXNlcm5hbWUiOiJ0ZWFjaGVyQG1haWwuYmciLCJyb2xlIjoxLCJpYXQiOjE2MzA1NzQ0Njl9.BJmLxADPfQ8G-bIWR-xxJvOOrS39hq4-7ugjXUiEsEM','2021-09-02 14:15:44'),('eyJhbGciOiJIUzI1NiIsInR5cCI6IkpXVCJ9.eyJpZCI6OSwidXNlcm5hbWUiOiJ0ZWFjaGVyQG1haWwuYmciLCJyb2xlIjoxLCJpYXQiOjE2MzA1OTEyMDd9.qTl4YqzJE452vXUinJc557S4koM_j-HFlpYG0M_rdOs','2021-09-02 18:32:06'),('eyJhbGciOiJIUzI1NiIsInR5cCI6IkpXVCJ9.eyJpZCI6OSwidXNlcm5hbWUiOiJ0ZWFjaGVyQG1haWwuYmciLCJyb2xlIjoxLCJpYXQiOjE2MzA1OTY3NzV9.QgpW0PM_Qo6mxy37tQL9VkqdwTqgEm9gI5noNY9yHH4','2021-09-03 07:27:20'),('eyJhbGciOiJIUzI1NiIsInR5cCI6IkpXVCJ9.eyJpZCI6OSwidXNlcm5hbWUiOiJ0ZWFjaGVyQG1haWwuYmciLCJyb2xlIjoxLCJpYXQiOjE2MzA2NDg0MTN9.0Xksv0t8olhcKqlb-5h33oVgE9_wPzeJZ6m3eCEZm28','2021-09-03 09:17:51'),('eyJhbGciOiJIUzI1NiIsInR5cCI6IkpXVCJ9.eyJpZCI6OSwidXNlcm5hbWUiOiJ0ZWFjaGVyQG1haWwuYmciLCJyb2xlIjoxLCJpYXQiOjE2MzA2NDk4ODh9.gKoLpem9vAqiO6OM72BD1Z5zrLn5VbxVu74AFi3z0Gw','2021-09-03 10:02:08'),('eyJhbGciOiJIUzI1NiIsInR5cCI6IkpXVCJ9.eyJpZCI6OSwidXNlcm5hbWUiOiJ0ZWFjaGVyQG1haWwuYmciLCJyb2xlIjoxLCJpYXQiOjE2MzA2NDM4NjN9.BnXXCxkRoypBFWSIFq9bJiGiI7u7jGd25C2a1DdkPtI','2021-09-03 07:43:15'),('eyJhbGciOiJIUzI1NiIsInR5cCI6IkpXVCJ9.eyJpZCI6OSwidXNlcm5hbWUiOiJ0ZWFjaGVyQG1haWwuYmciLCJyb2xlIjoxLCJpYXQiOjE2MzA2NDQ5OTl9.NecEeyml-Be0mPJA54UHEypsNhtxiDjISTwbpb4DwT0','2021-09-03 08:14:22'),('eyJhbGciOiJIUzI1NiIsInR5cCI6IkpXVCJ9.eyJpZCI6OSwidXNlcm5hbWUiOiJ0ZWFjaGVyQG1haWwuYmciLCJyb2xlIjoxLCJpYXQiOjE2MzA2NDY0Mzh9.cvZbCI61E3a94S22xf71et9zMAJgg8DxHEZ3_D4IMcw','2021-09-03 08:24:11'),('eyJhbGciOiJIUzI1NiIsInR5cCI6IkpXVCJ9.eyJpZCI6OSwidXNlcm5hbWUiOiJ0ZWFjaGVyQG1haWwuYmciLCJyb2xlIjoxLCJpYXQiOjE2MzA2NjEwNzF9.Hc7IS04kvcUIa4_jeTDgQNFBG-8K89OqY_xbIKHjzwM','2021-09-03 13:45:39'),('eyJhbGciOiJIUzI1NiIsInR5cCI6IkpXVCJ9.eyJpZCI6OSwidXNlcm5hbWUiOiJ0ZWFjaGVyQG1haWwuYmciLCJyb2xlIjoxLCJpYXQiOjE2MzA2NjgyMDR9.QrnzmACqJr-BPcuuwJRfr0YvyF-t7uZ95l0Pbna92QI','2021-09-03 14:34:24'),('eyJhbGciOiJIUzI1NiIsInR5cCI6IkpXVCJ9.eyJpZCI6OSwidXNlcm5hbWUiOiJ0ZWFjaGVyQG1haWwuYmciLCJyb2xlIjoxLCJpYXQiOjE2MzA2NjkwNjF9.knGBn7DL4zD0PCUTH0QJ5oO8zNYO_GtOSuMn1F9sj74','2021-09-03 19:43:49'),('eyJhbGciOiJIUzI1NiIsInR5cCI6IkpXVCJ9.eyJpZCI6OSwidXNlcm5hbWUiOiJ0ZWFjaGVyQG1haWwuYmciLCJyb2xlIjoxLCJpYXQiOjE2MzA2NTI3Njl9.KcToUvxvyoV_7sx-rLIff-KQmxBKe8jkZJTb1fdPEIQ','2021-09-03 10:06:44'),('eyJhbGciOiJIUzI1NiIsInR5cCI6IkpXVCJ9.eyJpZCI6OSwidXNlcm5hbWUiOiJ0ZWFjaGVyQG1haWwuYmciLCJyb2xlIjoxLCJpYXQiOjE2MzA2NTM5Nzh9.dS8yhjuJqYeEDnwzbcuVGZnHj7hPIR155tMAkQnwTro','2021-09-03 10:34:01'),('eyJhbGciOiJIUzI1NiIsInR5cCI6IkpXVCJ9.eyJpZCI6OSwidXNlcm5hbWUiOiJ0ZWFjaGVyQG1haWwuYmciLCJyb2xlIjoxLCJpYXQiOjE2MzA2NTMwMDN9.fCPk8yBFy249ngpoWNBRUlgYIjTLUmqOq-pkJ1s9RzM','2021-09-03 10:10:36'),('eyJhbGciOiJIUzI1NiIsInR5cCI6IkpXVCJ9.eyJpZCI6OSwidXNlcm5hbWUiOiJ0ZWFjaGVyQG1haWwuYmciLCJyb2xlIjoxLCJpYXQiOjE2MzA2NTMwNTV9.3YWVIav2ZdqYCm8tyDoixfOLXIC0Ryeu2dXaKMuA_pc','2021-09-03 10:12:37'),('eyJhbGciOiJIUzI1NiIsInR5cCI6IkpXVCJ9.eyJpZCI6OSwidXNlcm5hbWUiOiJ0ZWFjaGVyQG1haWwuYmciLCJyb2xlIjoxLCJpYXQiOjE2MzA2NTMzMzN9.XFqeyyiXhl--P4zzfpru5e9ohRAUyTYiSOBAhIkPINo','2021-09-03 10:17:21'),('eyJhbGciOiJIUzI1NiIsInR5cCI6IkpXVCJ9.eyJpZCI6OSwidXNlcm5hbWUiOiJ0ZWFjaGVyQG1haWwuYmciLCJyb2xlIjoxLCJpYXQiOjE2MzA2ODc0ODB9.A5LcTtlUURvoYUC1DwB5ujt6XeWwHEqqUQPNewAF_Lo','2021-09-03 19:46:58'),('eyJhbGciOiJIUzI1NiIsInR5cCI6IkpXVCJ9.eyJpZCI6OSwidXNlcm5hbWUiOiJ0ZWFjaGVyQG1haWwuYmciLCJyb2xlIjoyLCJpYXQiOjE2MzA1NjQ4ODN9.r-qCiqqF2NSAuRFVi48YwejTMWJ9Ff5C3osMTsFCQbg','2021-09-02 09:41:59');
/*!40000 ALTER TABLE `blacklist_tokens` ENABLE KEYS */;
UNLOCK TABLES;

--
-- Table structure for table `branch_sections`
--

DROP TABLE IF EXISTS `branch_sections`;
/*!40101 SET @saved_cs_client     = @@character_set_client */;
/*!40101 SET character_set_client = utf8 */;
CREATE TABLE `branch_sections` (
  `branchId` int(11) NOT NULL,
  `sectionId` int(11) NOT NULL,
  `position` int(11) NOT NULL,
  `timeLock` datetime DEFAULT NULL,
  PRIMARY KEY (`branchId`,`sectionId`),
  KEY `FK_d4e3408af5e0dc53bdb6fb0db3e` (`sectionId`),
  CONSTRAINT `FK_7ba25687d5acbfa3b08eab637b9` FOREIGN KEY (`branchId`) REFERENCES `branches` (`id`) ON DELETE CASCADE ON UPDATE CASCADE,
  CONSTRAINT `FK_d4e3408af5e0dc53bdb6fb0db3e` FOREIGN KEY (`sectionId`) REFERENCES `sections` (`id`) ON DELETE CASCADE ON UPDATE CASCADE
) ENGINE=InnoDB DEFAULT CHARSET=utf8 COLLATE=utf8_bin;
/*!40101 SET character_set_client = @saved_cs_client */;

--
-- Dumping data for table `branch_sections`
--

LOCK TABLES `branch_sections` WRITE;
/*!40000 ALTER TABLE `branch_sections` DISABLE KEYS */;
INSERT INTO `branch_sections` VALUES (17,20,0,NULL),(17,21,1,NULL),(17,22,2,'2021-09-05 03:00:00'),(17,23,3,NULL),(18,24,1,NULL),(19,25,1,NULL),(19,26,0,NULL),(19,27,4,NULL),(19,28,2,NULL),(19,30,3,NULL),(20,29,1,NULL),(20,31,3,NULL),(21,32,2,'2021-09-17 03:00:00'),(22,32,0,'2021-10-01 03:00:00'),(23,33,0,NULL),(23,34,1,NULL),(24,37,1,NULL),(24,38,0,NULL),(24,39,6,NULL),(24,41,3,NULL),(24,42,7,NULL),(24,43,5,NULL),(25,40,1,NULL),(26,45,0,NULL),(26,46,2,NULL),(26,47,3,'2021-10-01 03:00:00'),(26,49,4,NULL),(27,50,0,NULL),(27,51,1,'2021-10-01 03:00:00'),(28,51,1,NULL),(29,35,3,NULL),(29,36,2,NULL),(30,48,1,NULL),(34,52,0,NULL),(34,53,1,NULL);
/*!40000 ALTER TABLE `branch_sections` ENABLE KEYS */;
UNLOCK TABLES;

--
-- Table structure for table `branches`
--

DROP TABLE IF EXISTS `branches`;
/*!40101 SET @saved_cs_client     = @@character_set_client */;
/*!40101 SET character_set_client = utf8 */;
CREATE TABLE `branches` (
  `id` int(11) NOT NULL AUTO_INCREMENT,
  `title` varchar(200) COLLATE utf8_bin NOT NULL DEFAULT '',
  `private` tinyint(4) NOT NULL DEFAULT 1,
  `courseId` int(11) DEFAULT NULL,
  PRIMARY KEY (`id`),
  KEY `FK_709e6803dd7422e715f87316929` (`courseId`),
  CONSTRAINT `FK_709e6803dd7422e715f87316929` FOREIGN KEY (`courseId`) REFERENCES `courses` (`id`) ON DELETE NO ACTION ON UPDATE NO ACTION
) ENGINE=InnoDB AUTO_INCREMENT=37 DEFAULT CHARSET=utf8 COLLATE=utf8_bin;
/*!40101 SET character_set_client = @saved_cs_client */;

--
-- Dumping data for table `branches`
--

LOCK TABLES `branches` WRITE;
/*!40000 ALTER TABLE `branches` DISABLE KEYS */;
INSERT INTO `branches` VALUES (17,'Main',0,26),(18,'Advanced',1,26),(19,'Main',0,27),(20,'Extra',1,27),(21,'Main',0,28),(22,'Extra',1,28),(23,'Main',0,50),(24,'Main',0,51),(25,'Extra',1,51),(26,'Main',0,52),(27,'Main',0,53),(28,'Advanced',1,53),(29,'Advanced',1,50),(30,'Extra',1,52),(31,'Main',0,49),(32,'Black Magic',0,53),(33,'White Magic',0,53),(34,'Main',0,54),(35,'Advanced',1,54),(36,'Main',0,45);
/*!40000 ALTER TABLE `branches` ENABLE KEYS */;
UNLOCK TABLES;

--
-- Table structure for table `courses`
--

DROP TABLE IF EXISTS `courses`;
/*!40101 SET @saved_cs_client     = @@character_set_client */;
/*!40101 SET character_set_client = utf8 */;
CREATE TABLE `courses` (
  `id` int(11) NOT NULL AUTO_INCREMENT,
  `title` varchar(200) COLLATE utf8_bin NOT NULL DEFAULT '',
  `description` mediumtext COLLATE utf8_bin NOT NULL DEFAULT '',
  `private` tinyint(4) NOT NULL DEFAULT 1,
  PRIMARY KEY (`id`)
) ENGINE=InnoDB AUTO_INCREMENT=55 DEFAULT CHARSET=utf8 COLLATE=utf8_bin;
/*!40101 SET character_set_client = @saved_cs_client */;

--
-- Dumping data for table `courses`
--

LOCK TABLES `courses` WRITE;
/*!40000 ALTER TABLE `courses` DISABLE KEYS */;
INSERT INTO `courses` VALUES (26,'Become The Best Healer in the World','<p> This guide will go in depth into the inner workings of the class, how to be an effective healer, and when it is best to play as one. </p> <p> As a healer, the player has the unique ability to \"undo\" the damage made to his team-players and contribute towards a team that may lack skill or defensive equipment. This ability, however, comes with a price. A majority of healer equipment decreases the effective damage of melee, ranged, magic, summoning, throwing and symphonic weapons. These damage reductions heavily impact the DPS potential of the player, and serve to balance out the extremely potent ability to heal and protect allies. However, healers have their own set of weapons that are empowered by their equipment and serve as a means of defending themselves, should they ever feel it in their best interest to strike back at enemies. </p>',0),(27,'Dealing Damage from Range','<p> This guide will cover the latter group, helping you pick within the options available from all the classes and explaining the basics that every DPS should know! </p> <p> Dealing damage is the most competitive role. Ranged damage dealers have a few basic responsibilities: </p> <ul> <li> Make sure to deal as much damage as possible. </li> <li> Positioning themselves properly, making sure they are in range of their enemies while not standing in something that they shouldn\'t. </li> <li> Unless explicitly told so, avoid staying nearby other raid members. </li> <li> Focusing down priority targets, making sure they die quickly, so tanks and healers can have an easier time performing their roles. </li> </ul> <p> This guide aims to give you the basics on how to deal damage, being a ranged DPS, and a summary of the six different ranged DPS options in Battle for Azeroth. </p>',1),(28,'Elvish Runes for Enchanting','<p>\n  </p><h1>\n    <code><i>some elvish here</i></code>\n  </h1>\n<p></p>\n\n<p>\n<code><i>some elvish hereasd  adkls akld slk sladk sdkf ;askf as;dk;, 93 2349 2039923 90 39032 232 38 940 4283 2jf 234 r1,ad09 93 4994 94 d9943 4 94 4,wkle 34</i></code>\n</p>\n\n<ul>\n  <li><b><code><i>soweme elvish here</i></code></b></li>\n  <li><b><code><i>soBKJKm33e sdish 76593here</i></code></b></li>\n  <li><b><code><i>e e1)(2345vish here</i></code></b></li>\n</ul>\n\n<p>\n<code><i>some elvish hereasd  adkls akld slk sladk sdkf ;askf as;dk;, 93 2349 2039923 90 39032 232 38 940 4283 2jf 234 r1,ad09 93 4994 94 d9943 4 94 4,wkle 34</i></code>\n</p>\n\n<p>\n<code><i>some elvish hereasd  adkls akld slk sladk sdkf ;askf as;dk;, 93 2349 2039923 90 39032 232 38 940 4283 2jf 234 r1,ad09 93 4994 94 d9943 4 94 4,wkle 34</i></code>\n</p>',0),(29,'Raid Strategy','<p>\n</p><h1>\n  <code><i>some elvish here</i></code>\n</h1>\n<p></p>\n\n<p>\n<code><i>some elvish hereasd  adkls akld slk sladk sdkf ;askf as;dk;, 93 2349 2039923 90 39032 232 38 940 4283 2jf 234 r1,ad09 93 4994 94 d9943 4 94 4,wkle 34</i></code>\n</p>\n\n<ul>\n<li><b><code><i>soweme elvish here</i></code></b></li>\n<li><b><code><i>soBKJKm33e sdish 76593here</i></code></b></li>\n<li><b><code><i>e e1)(2345vish here</i></code></b></li>\n</ul>\n\n<p>\n<code><i>some elvish hereasd  adkls akld slk sladk sdkf ;askf as;dk;, 93 2349 2039923 90 39032 232 38 940 4283 2jf 234 r1,ad09 93 4994 94 d9943 4 94 4,wkle 34</i></code>\n</p>\n\n<p>\n<code><i>some elvish hereasd  adkls akld slk sladk sdkf ;askf as;dk;, 93 2349 2039923 90 39032 232 38 940 4283 2jf 234 r1,ad09 93 4994 94 d9943 4 94 4,wkle 34</i></code>\n</p>',0),(30,'Hunting Dragons','<p>\n</p><h1>\n  <code><i>some elvish here</i></code>\n</h1>\n<p></p>\n\n<p>\n<code><i>some elvish hereasd  adkls akld slk sladk sdkf ;askf as;dk;, 93 2349 2039923 90 39032 232 38 940 4283 2jf 234 r1,ad09 93 4994 94 d9943 4 94 4,wkle 34</i></code>\n</p>\n\n<ul>\n<li><b><code><i>soweme elvish here</i></code></b></li>\n<li><b><code><i>soBKJKm33e sdish 76593here</i></code></b></li>\n<li><b><code><i>e e1)(2345vish here</i></code></b></li>\n</ul>\n\n<p>\n<code><i>some elvish hereasd  adkls akld slk sladk sdkf ;askf as;dk;, 93 2349 2039923 90 39032 232 38 940 4283 2jf 234 r1,ad09 93 4994 94 d9943 4 94 4,wkle 34</i></code>\n</p>\n\n<p>\n<code><i>some elvish hereasd  adkls akld slk sladk sdkf ;askf as;dk;, 93 2349 2039923 90 39032 232 38 940 4283 2jf 234 r1,ad09 93 4994 94 d9943 4 94 4,wkle 34</i></code>\n</p>',0),(31,'Eradicating Goblin Burrows','<p>\n</p><h1>\n  <code><i>some elvish here</i></code>\n</h1>\n<p></p>\n\n<p>\n<code><i>some elvish hereasd  adkls akld slk sladk sdkf ;askf as;dk;, 93 2349 2039923 90 39032 232 38 940 4283 2jf 234 r1,ad09 93 4994 94 d9943 4 94 4,wkle 34</i></code>\n</p>\n\n<ul>\n<li><b><code><i>soweme elvish here</i></code></b></li>\n<li><b><code><i>soBKJKm33e sdish 76593here</i></code></b></li>\n<li><b><code><i>e e1)(2345vish here</i></code></b></li>\n</ul>\n\n<p>\n<code><i>some elvish hereasd  adkls akld slk sladk sdkf ;askf as;dk;, 93 2349 2039923 90 39032 232 38 940 4283 2jf 234 r1,ad09 93 4994 94 d9943 4 94 4,wkle 34</i></code>\n</p>\n\n<p>\n<code><i>some elvish hereasd  adkls akld slk sladk sdkf ;askf as;dk;, 93 2349 2039923 90 39032 232 38 940 4283 2jf 234 r1,ad09 93 4994 94 d9943 4 94 4,wkle 34</i></code>\n</p>',0),(32,'Maintaining Enchanted Swords','<p>\n</p><h1>\n  <code><i>some elvish here</i></code>\n</h1>\n<p></p>\n\n<p>\n<code><i>some elvish hereasd  adkls akld slk sladk sdkf ;askf as;dk;, 93 2349 2039923 90 39032 232 38 940 4283 2jf 234 r1,ad09 93 4994 94 d9943 4 94 4,wkle 34</i></code>\n</p>\n\n<ul>\n<li><b><code><i>soweme elvish here</i></code></b></li>\n<li><b><code><i>soBKJKm33e sdish 76593here</i></code></b></li>\n<li><b><code><i>e e1)(2345vish here</i></code></b></li>\n</ul>\n\n<p>\n<code><i>some elvish hereasd  adkls akld slk sladk sdkf ;askf as;dk;, 93 2349 2039923 90 39032 232 38 940 4283 2jf 234 r1,ad09 93 4994 94 d9943 4 94 4,wkle 34</i></code>\n</p>\n\n<p>\n<code><i>some elvish hereasd  adkls akld slk sladk sdkf ;askf as;dk;, 93 2349 2039923 90 39032 232 38 940 4283 2jf 234 r1,ad09 93 4994 94 d9943 4 94 4,wkle 34</i></code>\n</p>',0),(33,'Rain Party Politics','<p>\n</p><h1>\n  <code><i>some elvish here</i></code>\n</h1>\n<p></p>\n\n<p>\n<code><i>some elvish hereasd  adkls akld slk sladk sdkf ;askf as;dk;, 93 2349 2039923 90 39032 232 38 940 4283 2jf 234 r1,ad09 93 4994 94 d9943 4 94 4,wkle 34</i></code>\n</p>\n\n<ul>\n<li><b><code><i>soweme elvish here</i></code></b></li>\n<li><b><code><i>soBKJKm33e sdish 76593here</i></code></b></li>\n<li><b><code><i>e e1)(2345vish here</i></code></b></li>\n</ul>\n\n<p>\n<code><i>some elvish hereasd  adkls akld slk sladk sdkf ;askf as;dk;, 93 2349 2039923 90 39032 232 38 940 4283 2jf 234 r1,ad09 93 4994 94 d9943 4 94 4,wkle 34</i></code>\n</p>\n\n<p>\n<code><i>some elvish hereasd  adkls akld slk sladk sdkf ;askf as;dk;, 93 2349 2039923 90 39032 232 38 940 4283 2jf 234 r1,ad09 93 4994 94 d9943 4 94 4,wkle 34</i></code>\n</p>',0),(34,'Hoggar Dungeon on the Inside','<p>\n</p><h1>\n  <code><i>some elvish here</i></code>\n</h1>\n<p></p>\n\n<p>\n<code><i>some elvish hereasd  adkls akld slk sladk sdkf ;askf as;dk;, 93 2349 2039923 90 39032 232 38 940 4283 2jf 234 r1,ad09 93 4994 94 d9943 4 94 4,wkle 34</i></code>\n</p>\n\n<ul>\n<li><b><code><i>soweme elvish here</i></code></b></li>\n<li><b><code><i>soBKJKm33e sdish 76593here</i></code></b></li>\n<li><b><code><i>e e1)(2345vish here</i></code></b></li>\n</ul>\n\n<p>\n<code><i>some elvish hereasd  adkls akld slk sladk sdkf ;askf as;dk;, 93 2349 2039923 90 39032 232 38 940 4283 2jf 234 r1,ad09 93 4994 94 d9943 4 94 4,wkle 34</i></code>\n</p>\n\n<p>\n<code><i>some elvish hereasd  adkls akld slk sladk sdkf ;askf as;dk;, 93 2349 2039923 90 39032 232 38 940 4283 2jf 234 r1,ad09 93 4994 94 d9943 4 94 4,wkle 34</i></code>\n</p>',1),(35,'Zentin Dungeon Manual','<p>\n</p><h1>\n  <code><i>some elvish here</i></code>\n</h1>\n<p></p>\n\n<p>\n<code><i>some elvish hereasd  adkls akld slk sladk sdkf ;askf as;dk;, 93 2349 2039923 90 39032 232 38 940 4283 2jf 234 r1,ad09 93 4994 94 d9943 4 94 4,wkle 34</i></code>\n</p>\n\n<ul>\n<li><b><code><i>soweme elvish here</i></code></b></li>\n<li><b><code><i>soBKJKm33e sdish 76593here</i></code></b></li>\n<li><b><code><i>e e1)(2345vish here</i></code></b></li>\n</ul>\n\n<p>\n<code><i>some elvish hereasd  adkls akld slk sladk sdkf ;askf as;dk;, 93 2349 2039923 90 39032 232 38 940 4283 2jf 234 r1,ad09 93 4994 94 d9943 4 94 4,wkle 34</i></code>\n</p>\n\n<p>\n<code><i>some elvish hereasd  adkls akld slk sladk sdkf ;askf as;dk;, 93 2349 2039923 90 39032 232 38 940 4283 2jf 234 r1,ad09 93 4994 94 d9943 4 94 4,wkle 34</i></code>\n</p>',1),(36,'Hunting Drakes','<p>\n</p><h1>\n  <code><i>some elvish here</i></code>\n</h1>\n<p></p>\n\n<p>\n<code><i>some elvish hereasd  adkls akld slk sladk sdkf ;askf as;dk;, 93 2349 2039923 90 39032 232 38 940 4283 2jf 234 r1,ad09 93 4994 94 d9943 4 94 4,wkle 34</i></code>\n</p>\n\n<ul>\n<li><b><code><i>soweme elvish here</i></code></b></li>\n<li><b><code><i>soBKJKm33e sdish 76593here</i></code></b></li>\n<li><b><code><i>e e1)(2345vish here</i></code></b></li>\n</ul>\n\n<p>\n<code><i>some elvish hereasd  adkls akld slk sladk sdkf ;askf as;dk;, 93 2349 2039923 90 39032 232 38 940 4283 2jf 234 r1,ad09 93 4994 94 d9943 4 94 4,wkle 34</i></code>\n</p>\n\n<p>\n<code><i>some elvish hereasd  adkls akld slk sladk sdkf ;askf as;dk;, 93 2349 2039923 90 39032 232 38 940 4283 2jf 234 r1,ad09 93 4994 94 d9943 4 94 4,wkle 34</i></code>\n</p>',0),(37,'Trolls and How to Fight Them','<p>\n</p><h1>\n  <code><i>some elvish here</i></code>\n</h1>\n<p></p>\n\n<p>\n<code><i>some elvish hereasd  adkls akld slk sladk sdkf ;askf as;dk;, 93 2349 2039923 90 39032 232 38 940 4283 2jf 234 r1,ad09 93 4994 94 d9943 4 94 4,wkle 34</i></code>\n</p>\n\n<ul>\n<li><b><code><i>soweme elvish here</i></code></b></li>\n<li><b><code><i>soBKJKm33e sdish 76593here</i></code></b></li>\n<li><b><code><i>e e1)(2345vish here</i></code></b></li>\n</ul>\n\n<p>\n<code><i>some elvish hereasd  adkls akld slk sladk sdkf ;askf as;dk;, 93 2349 2039923 90 39032 232 38 940 4283 2jf 234 r1,ad09 93 4994 94 d9943 4 94 4,wkle 34</i></code>\n</p>\n\n<p>\n<code><i>some elvish hereasd  adkls akld slk sladk sdkf ;askf as;dk;, 93 2349 2039923 90 39032 232 38 940 4283 2jf 234 r1,ad09 93 4994 94 d9943 4 94 4,wkle 34</i></code>\n</p>',0),(38,'Shield Smithing','<p>\n</p><h1>\n  <code><i>some elvish here</i></code>\n</h1>\n<p></p>\n\n<p>\n<code><i>some elvish hereasd  adkls akld slk sladk sdkf ;askf as;dk;, 93 2349 2039923 90 39032 232 38 940 4283 2jf 234 r1,ad09 93 4994 94 d9943 4 94 4,wkle 34</i></code>\n</p>\n\n<ul>\n<li><b><code><i>soweme elvish here</i></code></b></li>\n<li><b><code><i>soBKJKm33e sdish 76593here</i></code></b></li>\n<li><b><code><i>e e1)(2345vish here</i></code></b></li>\n</ul>\n\n<p>\n<code><i>some elvish hereasd  adkls akld slk sladk sdkf ;askf as;dk;, 93 2349 2039923 90 39032 232 38 940 4283 2jf 234 r1,ad09 93 4994 94 d9943 4 94 4,wkle 34</i></code>\n</p>\n\n<p>\n<code><i>some elvish hereasd  adkls akld slk sladk sdkf ;askf as;dk;, 93 2349 2039923 90 39032 232 38 940 4283 2jf 234 r1,ad09 93 4994 94 d9943 4 94 4,wkle 34</i></code>\n</p>',1),(39,'Enchanted Boots and Hats','<p>\n</p><h1>\n  <code><i>some elvish here</i></code>\n</h1>\n<p></p>\n\n<p>\n<code><i>some elvish hereasd  adkls akld slk sladk sdkf ;askf as;dk;, 93 2349 2039923 90 39032 232 38 940 4283 2jf 234 r1,ad09 93 4994 94 d9943 4 94 4,wkle 34</i></code>\n</p>\n\n<ul>\n<li><b><code><i>soweme elvish here</i></code></b></li>\n<li><b><code><i>soBKJKm33e sdish 76593here</i></code></b></li>\n<li><b><code><i>e e1)(2345vish here</i></code></b></li>\n</ul>\n\n<p>\n<code><i>some elvish hereasd  adkls akld slk sladk sdkf ;askf as;dk;, 93 2349 2039923 90 39032 232 38 940 4283 2jf 234 r1,ad09 93 4994 94 d9943 4 94 4,wkle 34</i></code>\n</p>\n\n<p>\n<code><i>some elvish hereasd  adkls akld slk sladk sdkf ;askf as;dk;, 93 2349 2039923 90 39032 232 38 940 4283 2jf 234 r1,ad09 93 4994 94 d9943 4 94 4,wkle 34</i></code>\n</p>',0),(40,'Forest Dungeons','<p>\n</p><h1>\n  <code><i>some elvish here</i></code>\n</h1>\n<p></p>\n\n<p>\n<code><i>some elvish hereasd  adkls akld slk sladk sdkf ;askf as;dk;, 93 2349 2039923 90 39032 232 38 940 4283 2jf 234 r1,ad09 93 4994 94 d9943 4 94 4,wkle 34</i></code>\n</p>\n\n<ul>\n<li><b><code><i>soweme elvish here</i></code></b></li>\n<li><b><code><i>soBKJKm33e sdish 76593here</i></code></b></li>\n<li><b><code><i>e e1)(2345vish here</i></code></b></li>\n</ul>\n\n<p>\n<code><i>some elvish hereasd  adkls akld slk sladk sdkf ;askf as;dk;, 93 2349 2039923 90 39032 232 38 940 4283 2jf 234 r1,ad09 93 4994 94 d9943 4 94 4,wkle 34</i></code>\n</p>\n\n<p>\n<code><i>some elvish hereasd  adkls akld slk sladk sdkf ;askf as;dk;, 93 2349 2039923 90 39032 232 38 940 4283 2jf 234 r1,ad09 93 4994 94 d9943 4 94 4,wkle 34</i></code>\n</p>',0),(41,'Desert Dungeons','<p>\n</p><h1>\n  <code><i>some elvish here</i></code>\n</h1>\n<p></p>\n\n<p>\n<code><i>some elvish hereasd  adkls akld slk sladk sdkf ;askf as;dk;, 93 2349 2039923 90 39032 232 38 940 4283 2jf 234 r1,ad09 93 4994 94 d9943 4 94 4,wkle 34</i></code>\n</p>\n\n<ul>\n<li><b><code><i>soweme elvish here</i></code></b></li>\n<li><b><code><i>soBKJKm33e sdish 76593here</i></code></b></li>\n<li><b><code><i>e e1)(2345vish here</i></code></b></li>\n</ul>\n\n<p>\n<code><i>some elvish hereasd  adkls akld slk sladk sdkf ;askf as;dk;, 93 2349 2039923 90 39032 232 38 940 4283 2jf 234 r1,ad09 93 4994 94 d9943 4 94 4,wkle 34</i></code>\n</p>\n\n<p>\n<code><i>some elvish hereasd  adkls akld slk sladk sdkf ;askf as;dk;, 93 2349 2039923 90 39032 232 38 940 4283 2jf 234 r1,ad09 93 4994 94 d9943 4 94 4,wkle 34</i></code>\n</p>',0),(42,'Air Magic Basics','',0),(43,'Earth Magic Basics','<p>\n</p><h1>\n  <code><i>some elvish here</i></code>\n</h1>\n<p></p>\n\n<p>\n<code><i>some elvish hereasd  adkls akld slk sladk sdkf ;askf as;dk;, 93 2349 2039923 90 39032 232 38 940 4283 2jf 234 r1,ad09 93 4994 94 d9943 4 94 4,wkle 34</i></code>\n</p>\n\n<ul>\n<li><b><code><i>soweme elvish here</i></code></b></li>\n<li><b><code><i>soBKJKm33e sdish 76593here</i></code></b></li>\n<li><b><code><i>e e1)(2345vish here</i></code></b></li>\n</ul>\n\n<p>\n<code><i>some elvish hereasd  adkls akld slk sladk sdkf ;askf as;dk;, 93 2349 2039923 90 39032 232 38 940 4283 2jf 234 r1,ad09 93 4994 94 d9943 4 94 4,wkle 34</i></code>\n</p>\n\n<p>\n<code><i>some elvish hereasd  adkls akld slk sladk sdkf ;askf as;dk;, 93 2349 2039923 90 39032 232 38 940 4283 2jf 234 r1,ad09 93 4994 94 d9943 4 94 4,wkle 34</i></code>\n</p>',0),(44,'Fire Magic Basics','<p>\n</p><h1>\n  <code><i>some elvish here</i></code>\n</h1>\n<p></p>\n\n<p>\n<code><i>some elvish hereasd  adkls akld slk sladk sdkf ;askf as;dk;, 93 2349 2039923 90 39032 232 38 940 4283 2jf 234 r1,ad09 93 4994 94 d9943 4 94 4,wkle 34</i></code>\n</p>\n\n<ul>\n<li><b><code><i>soweme elvish here</i></code></b></li>\n<li><b><code><i>soBKJKm33e sdish 76593here</i></code></b></li>\n<li><b><code><i>e e1)(2345vish here</i></code></b></li>\n</ul>\n\n<p>\n<code><i>some elvish hereasd  adkls akld slk sladk sdkf ;askf as;dk;, 93 2349 2039923 90 39032 232 38 940 4283 2jf 234 r1,ad09 93 4994 94 d9943 4 94 4,wkle 34</i></code>\n</p>\n\n<p>\n<code><i>some elvish hereasd  adkls akld slk sladk sdkf ;askf as;dk;, 93 2349 2039923 90 39032 232 38 940 4283 2jf 234 r1,ad09 93 4994 94 d9943 4 94 4,wkle 34</i></code>\n</p>',0),(45,'Fire Magic Advanced','',1),(46,'Fireballs are your Friends','<p>\n</p><h1>\n  <code><i>some elvish here</i></code>\n</h1>\n<p></p>\n\n<p>\n<code><i>some elvish hereasd  adkls akld slk sladk sdkf ;askf as;dk;, 93 2349 2039923 90 39032 232 38 940 4283 2jf 234 r1,ad09 93 4994 94 d9943 4 94 4,wkle 34</i></code>\n</p>\n\n<ul>\n<li><b><code><i>soweme elvish here</i></code></b></li>\n<li><b><code><i>soBKJKm33e sdish 76593here</i></code></b></li>\n<li><b><code><i>e e1)(2345vish here</i></code></b></li>\n</ul>\n\n<p>\n<code><i>some elvish hereasd  adkls akld slk sladk sdkf ;askf as;dk;, 93 2349 2039923 90 39032 232 38 940 4283 2jf 234 r1,ad09 93 4994 94 d9943 4 94 4,wkle 34</i></code>\n</p>\n\n<p>\n<code><i>some elvish hereasd  adkls akld slk sladk sdkf ;askf as;dk;, 93 2349 2039923 90 39032 232 38 940 4283 2jf 234 r1,ad09 93 4994 94 d9943 4 94 4,wkle 34</i></code>\n</p>',0),(47,'Summoning Basics','<p>\n</p><h1>\n  <code><i>some elvish here</i></code>\n</h1>\n<p></p>\n\n<p>\n<code><i>some elvish hereasd  adkls akld slk sladk sdkf ;askf as;dk;, 93 2349 2039923 90 39032 232 38 940 4283 2jf 234 r1,ad09 93 4994 94 d9943 4 94 4,wkle 34</i></code>\n</p>\n\n<ul>\n<li><b><code><i>soweme elvish here</i></code></b></li>\n<li><b><code><i>soBKJKm33e sdish 76593here</i></code></b></li>\n<li><b><code><i>e e1)(2345vish here</i></code></b></li>\n</ul>\n\n<p>\n<code><i>some elvish hereasd  adkls akld slk sladk sdkf ;askf as;dk;, 93 2349 2039923 90 39032 232 38 940 4283 2jf 234 r1,ad09 93 4994 94 d9943 4 94 4,wkle 34</i></code>\n</p>\n\n<p>\n<code><i>some elvish hereasd  adkls akld slk sladk sdkf ;askf as;dk;, 93 2349 2039923 90 39032 232 38 940 4283 2jf 234 r1,ad09 93 4994 94 d9943 4 94 4,wkle 34</i></code>\n</p>',0),(48,'Summoning Advanced Techniques','<p>\n</p><h1>\n  <code><i>some elvish here</i></code>\n</h1>\n<p></p>\n\n<p>\n<code><i>some elvish hereasd  adkls akld slk sladk sdkf ;askf as;dk;, 93 2349 2039923 90 39032 232 38 940 4283 2jf 234 r1,ad09 93 4994 94 d9943 4 94 4,wkle 34</i></code>\n</p>\n\n<ul>\n<li><b><code><i>soweme elvish here</i></code></b></li>\n<li><b><code><i>soBKJKm33e sdish 76593here</i></code></b></li>\n<li><b><code><i>e e1)(2345vish here</i></code></b></li>\n</ul>\n\n<p>\n<code><i>some elvish hereasd  adkls akld slk sladk sdkf ;askf as;dk;, 93 2349 2039923 90 39032 232 38 940 4283 2jf 234 r1,ad09 93 4994 94 d9943 4 94 4,wkle 34</i></code>\n</p>\n\n<p>\n<code><i>some elvish hereasd  adkls akld slk sladk sdkf ;askf as;dk;, 93 2349 2039923 90 39032 232 38 940 4283 2jf 234 r1,ad09 93 4994 94 d9943 4 94 4,wkle 34</i></code>\n</p>',1),(49,'Proper Usage of Potions','<p>\n</p><h1>\n  <code><i>some elvish here</i></code>\n</h1>\n<p></p>\n\n<p>\n<code><i>some elvish hereasd  adkls akld slk sladk sdkf ;askf as;dk;, 93 2349 2039923 90 39032 232 38 940 4283 2jf 234 r1,ad09 93 4994 94 d9943 4 94 4,wkle 34</i></code>\n</p>\n\n<ul>\n<li><b><code><i>soweme elvish here</i></code></b></li>\n<li><b><code><i>soBKJKm33e sdish 76593here</i></code></b></li>\n<li><b><code><i>e e1)(2345vish here</i></code></b></li>\n</ul>\n\n<p>\n<code><i>some elvish hereasd  adkls akld slk sladk sdkf ;askf as;dk;, 93 2349 2039923 90 39032 232 38 940 4283 2jf 234 r1,ad09 93 4994 94 d9943 4 94 4,wkle 34</i></code>\n</p>\n\n<p>\n<code><i>some elvish hereasd  adkls akld slk sladk sdkf ;askf as;dk;, 93 2349 2039923 90 39032 232 38 940 4283 2jf 234 r1,ad09 93 4994 94 d9943 4 94 4,wkle 34</i></code>\n</p>',0),(50,'Arcanum Magica and bubu','<h1>\n  The secrets of Magic\n</h1>\n<p></p>\n\n<p>White magic has traditionally been understood as the use of magic for selfless or helpful purposes, while black magic was used for selfish, harmful or evil purposes.\n</p>\n\n<ul>\n<li><b><code><i>soweme wer here</i></code></b></li>\n<li><b><code><i>soBKJKm33e sdish 76593here</i></code></b></li>\n<li><b><code><i>e e1)(2345dsfdfevish here</i></code></b></li>\n</ul>\ndsadfasdfsdfasdf\n<p>\nMagic was invoked in many kinds of rituals and medical formulae, and to counteract evil omens. Defensive or legitimate magic in Mesopotamia (asiputu or masmassutu in the Akkadian language) were incantations and ritual practices intended to alter specific realities. \n</p>',1),(51,'Dealing Damage','<p> This guide will cover the latter group, helping you pick within the options available from all the classes and explaining the basics that every DPS should know! </p> <p> Dealing damage is the most competitive role. Ranged damage dealers have a few basic responsibilities: </p> <ul> <li> Make sure to deal as much damage as possible. </li> <li> Positioning themselves properly, making sure they are in range of their enemies while not standing in something that they shouldn\'t. </li> <li> Unless explicitly told so, avoid staying nearby other raid members. </li> <li> Focusing down priority targets, making sure they die quickly, so tanks and healers can have an easier time performing their roles. </li> </ul> <p> This guide aims to give you the basics on how to deal damage, being a ranged DPS, and a summary of the six different ranged DPS options in Battle for Azeroth. </p>',0),(52,'Become The Best Healer','<p> This guide will go in depth into the inner workings of the class, how to be an effective healer, and when it is best to play as one. </p> <p> As a healer, the player has the unique ability to \"undo\" the damage made to his team-players and contribute towards a team that may lack skill or defensive equipment. This ability, however, comes with a price. A majority of healer equipment decreases the effective damage of melee, ranged, magic, summoning, throwing and symphonic weapons. These damage reductions heavily impact the DPS potential of the player, and serve to balance out the extremely potent ability to heal and protect allies. However, healers have their own set of weapons that are empowered by their equipment and serve as a means of defending themselves, should they ever feel it in their best interest to strike back at enemies. </p>\n',0),(53,'Potion Making','<h2> Learn how to make Potions</h2>\n<p>\n  Craft your brewing stand and place it on the ground. Open your crafting table, place three cobblestone\n   blocks in the bottom row of the crafting grid, place a blaze rod in the middle square, and move the \n   brewing stand to your inventory. Select it in your inventory, then select the ground to place the brewing stand.\n</p>\n<ul>\n  <li>\n    Healing potions\n  </li>\n  <li>\n    Mana potions\n  </li>\n  <li>Poisons</li>\n</ul>',1),(54,'Elvish Spellcasting','<h1><code><i>This is the description</i></code></h1>\n\n<p><code><i>An elf (plural: elves) is a type of humanoid supernatural being in Germanic mythology and folklore (especially North Germanic mythology and folklore).</i></code></p>\n\n<p><code><i>\n  <ul>\n    <li><b><code><i>he word elf is found throughout the Germanic languages</i></code></b></li>\n    <li><b><code><i>These associate elves variously with the gods</i></code></b></li>\n    <li><b><code><i>With urbanisation and industrialisation in the nineteenth</i></code></b></li>\n  </ul>\n</i></code></p>\n\n<p><code><i>From this Romanticist elite culture came the elves of popular culture that emerged in the nineteenth and twentieth centuries.</i></code></p>\n\n',0);
/*!40000 ALTER TABLE `courses` ENABLE KEYS */;
UNLOCK TABLES;

--
-- Table structure for table `roles`
--

DROP TABLE IF EXISTS `roles`;
/*!40101 SET @saved_cs_client     = @@character_set_client */;
/*!40101 SET character_set_client = utf8 */;
CREATE TABLE `roles` (
  `id` int(11) NOT NULL AUTO_INCREMENT,
  `name` varchar(50) COLLATE utf8_bin NOT NULL,
  PRIMARY KEY (`id`),
  UNIQUE KEY `IDX_648e3f5447f725579d7d4ffdfb` (`name`)
) ENGINE=InnoDB AUTO_INCREMENT=3 DEFAULT CHARSET=utf8 COLLATE=utf8_bin;
/*!40101 SET character_set_client = @saved_cs_client */;

--
-- Dumping data for table `roles`
--

LOCK TABLES `roles` WRITE;
/*!40000 ALTER TABLE `roles` DISABLE KEYS */;
INSERT INTO `roles` VALUES (2,'student'),(1,'teacher');
/*!40000 ALTER TABLE `roles` ENABLE KEYS */;
UNLOCK TABLES;

--
-- Table structure for table `sections`
--

DROP TABLE IF EXISTS `sections`;
/*!40101 SET @saved_cs_client     = @@character_set_client */;
/*!40101 SET character_set_client = utf8 */;
CREATE TABLE `sections` (
  `id` int(11) NOT NULL AUTO_INCREMENT,
  `title` varchar(200) COLLATE utf8_bin NOT NULL DEFAULT '',
  `content` mediumtext COLLATE utf8_bin NOT NULL DEFAULT '',
  `embedded` tinyint(4) NOT NULL DEFAULT 1,
  `courseId` int(11) DEFAULT NULL,
  PRIMARY KEY (`id`),
  KEY `FK_0fc0dc8ce98e7dc47c273f85e3d` (`courseId`),
  CONSTRAINT `FK_0fc0dc8ce98e7dc47c273f85e3d` FOREIGN KEY (`courseId`) REFERENCES `courses` (`id`) ON DELETE NO ACTION ON UPDATE NO ACTION
) ENGINE=InnoDB AUTO_INCREMENT=54 DEFAULT CHARSET=utf8 COLLATE=utf8_bin;
/*!40101 SET character_set_client = @saved_cs_client */;

--
-- Dumping data for table `sections`
--

LOCK TABLES `sections` WRITE;
/*!40000 ALTER TABLE `sections` DISABLE KEYS */;
INSERT INTO `sections` VALUES (20,'Knowing Your Role','<p> It should be no surprise that as a healer, the primary goal is to heal your allies and keep them from dying. You have many ways to go about this in the form of healing spells, support spells and in some cases radiant weapons. The amount of upkeep and things to keep track of make healer a very stimulating and rewarding class to play. That said, healers should constantly survey how the fight is going and change to act accordingly. Since the tide of battle can change at any moment, its up to the healer to decide what they feel is a more pressing matter, but a very basic priority list for a healer is as follows. </p> <p> Drop Aggro &gt;&gt; Heal Allies &gt; Set up Support &gt; Damage Enemies </p> <ul> <li> Drop Aggro: A dead healer is a useless healer (in most cases), so getting the enemies off your back and properly targeting another ally should be your first and constant goal. You have the ability to heal the ally that receives the aggro, while they do not, so getting out of harm\'s way is a top priority. That does not mean you do \'nothing\' as you try to shake them off, but it should always be your goal when moving around during moments of constant pressure. </li> <li> Heal Allies: Always keep your allies healed to a healthy amount. You should be aware of the tanking abilities of each of your team mates, so prioritize allies that are getting hurt with low defense or constantly taking aggro. In general, should your mana allow it, keeping players topped up near maximum life is the goal. But when things are getting hectic, especially during invasions and boss fights, you have mere seconds to decide who is in more danger of dying than everyone else. So topping off an ally may not be the smartest idea, instead going for some split healing to keep multiple allies away from dying would be a better choice. </li> <li> Set up Support: There exist many support items that do not directly heal allies, but contribute towards their protection regardless. Damage reduction, life shields, life recovery, heal over time effects and the like take time to prepare, but can save lives when a ramp in danger occurs. During down moments in fights, a healer can prepare or dish out support abilities to better prepare for a phase or a dangerous and incoming attack. If your allies are pretty healthy, and you have not refreshed your support effects recently, it might be wise to set them up. </li> <li> Damage Enemies: If you are not in immediate danger, your allies are at an acceptable level of health, and your support spells still have a good bit of time on them, then it is time to start helping the cause. Your radiant weapons offer a way to dish out some damage, while still providing supportive effects, should things start turning ugly again. Just be sure not to drain all of your mana with radiant spells; should your allies start getting heavily damaged again, you may lack the necessary mana to save them. </li> </ul>',1,26),(21,'Mechanics - Part I','<p> The Healer class has various unique mechanics that are relevant to their success. A simplified version of this list can be found on the main Healer page, but this guide will go slightly more in-depth in this section. </p> <ul> <li>Additional Healing <p> Most healing sources heal for a base amount as stated in their tooltips. Several items provide additional healing power to the owner, allowing them to increase their healing output. Usually these bonuses to healing cannot be used on the casting player wielding the items, but with spells like the Holy Staff, Twinkle and Renew the player can receive these bonuses along with their allies. Being afflicted by Mana Sickness after drinking Mana Potions also afflicts the player with Out of Touch, negating bonus healing. This negative effect encourages healers to better manage their mana consumption and punish healers who may try to spam Mana Potions. </p> </li> <li> Life Recovery <p> Life recovery is a special form of healing that functions as a heal over time effect. It works separately from life regeneration and continues to work even when life regeneration does not due to effects like Bleeding. The recovery rate is unaffected by movement, taking damage, dealing damage, or anything other than its timer. Every second, unless under the effects of the Ra\'s Whisper, the player will heal life equal to their life recovery amount. All forms of life recovery provided by the healer come from accessory effects and work as buffs on the healed ally. Since life recovery effects are applied and last their full duration after only one trigger, it works well in situations where the healer may lose line of sight of their healing targets. It also works well in fights that are drawn out, where sustained healing is more important than burst healing. Healing spells that affect a large number of allies also work incredibly well with life recovery effects, as they can trigger a large amount of life recovery cycles with a single cast. </p> </li> <li>Barrier Life <p> Barrier life is a decaying, temporary increase to a players maximum life. Taking damage will take health away from the barrier before truly effecting your health pool. Essentially, it works as a buffer against the next attacks against you. Many healing items and support spells give barrier life, though it can be granted by other items and effects as well. It doesnt take up a buff slot, so the ability to have 25/50 more maximum health is an incredibly powerful effect. A players barrier will decay by 1 every second until they have no more barrier life. </p> </li> </ul>',1,26),(22,'Mechanics - Part II','\n<p> We will continue with three more mechanics. </p> <ul> <li> Auras <p> Auras are temporary rings of various sizes that surround the cursor of the owner when activated. They apply beneficial effects to any allies that touch the aura, but do not benefit the casting user. These auras do not have to be channeled, and last for a reasonable time after only one use. With one use of the chosen aura, the healer can then switch to whichever healing spell or weapon they feel is needed, and still grant special effects to allies they touch. The auras allow healers to improve the damage of their team and survivability passively, with minimal effort and upkeep. </p> </li> <li> Heal Streak <p> Heal streaks are a primarily informative feature that displays the amount of healing done by a healer over a certain amount of time. After three seconds of not contributing towards a heal streak, a large green number will appear above the head of the healer displaying the total amount healed over the course of the streak and signifying its end. Currently, three actions will build up a heal streak: Healing Players: Directly healing an ally player or the caster themselves through healing spells such as The Good Book or Holy Staff. Mitigating Damage: Reducing the\n\ndamage allies take through items such as the Ancient Aegis and Protection Staff. Stealing Life: Stealing enemy life using radiant weapons such as Leech Bolt and Blood Transfusion. </p> </li> <li> Radiant Damage <p> Along with the healer class\' new healing abilities, a new damage type has been created specifically for them known as Radiant Damage. They can increase radiant damage through healer armors, accessories, items, and even a buff potion. Radiant weapons have special secondary effects that support allies and even the healer themselves in some cases. Radiant weapons are categorized into three unlisted subgroups: Light Radiant: Weapons that help to heal allies or the caster. This heal may be a direct heal, a heal over time, or heals that persist in the world for others to grab. Dark Radiant: Weapons that steal or cost life. They support allies by transferring some of the casters health into nearby hurt allies or stealing the life of enemies. Benign Radiant: Weapons like the Scythes, which do not fit into the other two categories. They do not typically offer secondary supportive effects, and work more like traditional weapons. </p> </li> </ul>',0,26),(23,'Item Specialties','<p> A variety of items had a specialty purpose in mind when they were added to the game. On the off chance some are lost to players, this list aims to inform the player on why you may want to use a handful of items in particular, given some of their questionable attributes. </p> <ul> <li>War Forger <p> The War Forger is a post-Eye of Cthulhu support item that grants all nearby allies up to a 25 life shield when used by a healer. It\'s ability to effect an infinite amount of allies in the area with one use is rather potent in its stage of the game. It works incredibly well as a pre-boss boost to you and your allies\' maximum life and survivability. At the meager cost of about 80 mana, assuming you have no bonus healing or mana cost reductions, an enumerable amount of allies can have an extra life crystal worth in health for as long as the life shield persists. </p> </li> <li> Cleansing Water Pouch <p> The Cleansing Water Pouch may seem a little weaker in terms of healing potential at a glance, but its ability to heal targets again at an incredibly reduced mana cost allows for far greater mana conservation. In situations where allies are taking sustained damage and not burst damage, the pouch excels. When the moment arrives that some burst healing is in order, you will have an ample supply of mana to dish out the necessary amount of healing to protect your allies. </p> </li> <li> Whispering Dagger <p> The Whispering Dagger is an interesting item that encourages a high risk, high reward situation. Sacrificing 80% of your health may seem like a ridiculous idea, but the damage increase it provides is massive. You get a full minute of increased damage before the negative effect actually goes off. So for situations where time is of the essence, a healer would find it in their best interest to pull out the dagger, such as when day time is approaching against Skeletron Prime. </p> </li> <li> Phoenix Staff <p> The goal of a healer is to prevent your allies from dying, so a shoulder guardian spot taken up by a feature that only works when a player has died may seem questionable. The reality is casual players will encounter deaths in their playthrough, especially in Expert Mode. Difficult invasions like the Pumpkin Moon, Frost Moon and Martian Madness deal an incredible amount of damage to players in a very hectic way. It\'s not uncommon to suffer a death or two in these events, so with a phoenix out, every nearby ally can get back into the fight much quicker and with more health. It should be noted that the percentage amounts the item uses are influenced by bonus healing at a 1.5 ratio. I.e it starts at 6% but with 5 bonus healing, it would be 13.5%. </p> </li> <li> Martyr\'s Chalice <p> Deliberately causing your own death may seem like a backwards idea after what has been discussed in this guide. But the ability to heal all allies, with infinite range for a large portion of health can save some fights. If everyone in your group has been battered down by an invasion or boss, and your death seems imminent, you can sacrifice however\n\nmuch health you had to give 100+ to everyone else as well as some brief invulnerability. The larger the group, the higher the amount healed in a single use. A more comedic situation is to use the chalice to save a mortally injured ally that may be exploring away from the group. Since the range is infinite, if the healer is in base, away from monsters trying to steal their money, they can save that person with a small cost of some time to respawn. </p> </li> </ul>',0,26),(24,'Support Set Ups','<p> When it comes to support entity placements, two dominant strategies exist: </p> <p> Setting up shop is the strategy of placing all, or most, of your support spells in one central location. This allows hurt players to gravitate towards the spot you\'ve chosen if they have suffered a large amount of damage recently. Generally, it exists as a safe spot that the healer will focus on during an invasion or boss fight. It can simplify movement for players, works as a beacon for your allies, and allows you to recover ally life incredibly quickly. The issue with this strategy however is boss placement. If a boss is currently occupying your shop spot, then it wouldn\'t be wise for allies to stick around it. When this occurs, a large amount of support time, mana, and possibly life will be lost as you either wait for the boss to move again or reposition your shop. </p> <p> Full Coverage is the other prevailing strategy. To put it simply, you place your supports around the arena in a systematic fashion so that allies are always in reach of some sort of support spell. With this strategy, the support is not as potent or centralized, but is never in danger of completely vanishing. The bosses position is not nearly as important to the healers success and allows your allies to focus on dodging attacks rather than trying to reach a specific point where they can rest for a moment. However, if your team takes a considerable amount of damage rather quickly, this strategy may lack the burst potential of the shop strategy. </p> <p> Ultimately, it is up to the healer to choose, as some boss fights and invasions suffer from the cons of each strategy far less than others. </p>',1,26),(25,'The DPSer that everyone loves','<p> Being a DPSer is not all fun and games. We usually will have fewer responsibilities than tanks and healers, but we have them as well and, if we do not accomplish them, we may cause a lot of trouble for tanks and healers or even wipes, which no one likes, right? </p> <p> So, if you\'re a ranged DPS, what should you do? </p> <p> Be respectful! - In your first journeys as a DPS, it is normal that you won\'t be in your best shape. Don\'t be afraid to admit it, tell your group that you\'re new and would like advice if possible, there is nothing wrong in that! Just remember to keep that in mind in your next journeys, when the new guy might happen to not be you. </p> <p> DO NOT STAND IN FIRE! - (As fire here, read \'Anything that damages you until you move out of it\') You may have heard that hundreds of times and you may even survive a couple ticks of that fire, but don\'t do it! Why not? Well, the first reason is that a dead DPS does 0 damage and we don\'t want that right? The second reason is that, even if you don\'t die, you will need extra heals, which can lead to the death of someone else in the group, like a tank, which can cause a wipe. The third reason is that if you grow used to standing in it when it actually matters and you need to get away from it, you won\'t because you\'re used to standing in it. </p> <p> Prioritize your kill targets properly - Most of raid and dungeon fights, there will be new enemies that will join throughout the encounter, those enemies - also known as adds - will usually die much quicker and will have more priority to die than the boss. That said, make sure you switch your main damage target to those adds when they spawn, even that it means that you will lose some DPS by doing so. </p> <p> Stand inside healing/beneficial zones - The direct opposite from the first tip. Most healers have spells that they can lay in the ground and, if you stand inside of them, you will get passively healed. If you spot one of them nearby you, go stand right on it! Also, some encounters will have beneficial zones as well, make sure the check the Dungeon Journal before you start the fight to see if it has one of those! </p> <p> Wait until you start DPSing a new target - Keep in mind that you\'re not a tank. Let the tanks pick up new adds and bosses as they show up during encounters, otherwise, you may get aggro from them, ending up getting killed really quick. That said, you should be fine to attack a new target once they are attacking one of your tanks. </p> <p> While doing everything listed above, deliver the highest amount of damage possible - Last but not least, we can\'t forget to do what we\'re intended to do. Even if you execute all fight mechanics properly, bosses still need to die within a reasonable\n\namount of time, which means that doing as much damage as possible is always important. </p>',1,27),(26,'What Ranged DPS should I play?','<p> Bad news everyone. I can\'t answer that for you, I\'m sorry. Good news everyone. I can help you with that decision! All options for Ranged DPS are a viable answer to that question. Even tho some people might say that x or y class/spec is bad right now, that won\'t be the case forever. So if I had to give you an advice to pick a class, I would suggest you pick by the class that fits your playstyle and you enjoy the most, by any reason, because you like the spells, because you like the fantasy behind it, anything. Don\'t let the flavor of the month factor influence your choice unless you enjoy changing classes every now and then. Below you can find a summary of all the classes available to be ranged DPS and some basic information on them. If you seek something more in-depth in one of them, please refer to our class guides, listed above. </p>',1,27),(27,'Druids','<p> Druids are World of Warcraft\'s \"jack of all trades\" class -- that is, capable of performing in a variety of different roles and as such have one of the most varied playstyles. Selecting this class would mean that, if let\'s say you get bored of being a ranged DPS, you would be able to use the same character to be any other role in the game! From tank, to healer and even to melee DPS, Druids can do it all! </p> <h4> Major Mechanics </h4> <p> The major mechanic for Druids is shapeshifting. Depending on what role the Druid wishes to perform, there is a different animal form to it. Ranged DPS Druids gain access to the Moonkin Form that changes you into a Moonkin (You probably saw some of those while leveling and probably killed some of them too.) If you don\'t enjoy being a chicken, there is always Glyph of Stars to change your form into an astral being. </p> <ul> <li>Resources <p> To attack, Moonkins use a variety of different spells, all tied to nature. Their main resource is Astral Power, which is some spells, like Wrath, build while others, like Starfall spend. </p> </li> <li>Damage Enhancements <p> By default, Moonkins have one big damage cooldown: Celestial Alignment and many others that can be unlocked via talents: Force of Nature, Warrior of Elune, Incarnation: Chosen of Elune and Fury of Elune. </p> </li> <li>Utility <p> By default, Moonkins have one big damage cooldown: Celestial Alignment and many others that can be unlocked via talents: Force of Nature, Warrior of Elune, Incarnation: Chosen of Elune and Fury of Elune. </p> </li> </ul> <p> Being Druids, Moonkins bring some really neat utility to their groups: </p><ul> <li> Rebirth - In-combat resurrection; </li> <li> Solar Beam - Interrupt that lasts while the target stands in the area; </li> <li> Barkskin - Damage reduction cooldown to help keep yourself alive; </li> <li> Dash - Speed boost that makes the druid unable to DPS, since you go to Cat Form, but can help you survive; </li> <li> Remove Corruption - Spell that removes curses and poisons if your group doesn\'t have a healer that can do so; </li> <li> Innervate - Makes so a friendly healer won\'t spend mana for 10 seconds. </li> <li> Affinities - These three spells tap deep in the jack-of-all-trades fantasy for Druids, allowing them to perform the roles of another specialization without changing his/hers. </li> <li> Mighty Bash - Stuns the target for 5 seconds. </li> <li> Mass Entanglement - Roots all targets in a given area for 20\n\nseconds, damage will break the effect. </li> <li> Typhoon - Knocks all enemies in front of the Druid and dazes them for 6 seconds. </li> </ul> <p></p>',0,27),(28,'Hunter','<p> Hunters are a unique ranged DPS class in World of Warcraft. They are the sole non-magical ranged damage-dealers, fighting with bows and guns. Hunters have a number of different kinds of shots and stings, which can be used to debuff an enemy, and are capable of laying traps to deal damage or otherwise slow/incapacitate their enemy. </p> <h4> Major Mechanics </h4> <p> The first thing that comes to everyone\'s minds when they think about Hunters, pets. While pets are not exclusive to Hunters, they are a huge part of the class as a whole. Hunters can tame over 50 different unique types of pets in the game, each pet belonging to a different pet family and bringing different benefits to the Hunter and his/her group. From stat increases to in-combat resurrections, pets can bring it all. </p><p> </p><ul> <li>Resources <p> As stated before, Hunters are the only non-magical ranged DPSer, having most of its attacks having no cast time. The only thing that limits a hunter is his main resource, Focus. Focus works like Rogue and Monk\'s Energy, but it is restored at a slower rate. Because of that, Hunters have attacks that have a sole intention to restore focus. </p> </li> <li>Damage Enhancements <p> Hunters have different damage increase cooldowns based on which specialization they are playing, like Beast Mastery have access to Bestial Wrath and Marksmanship to (Spell #193526) and a couple more via talents, Stampede for Beast Mastery. </p> </li> <li>Utility <p> Hunters bring many tools to their group, some of them depending on their specialization: </p><ul> <li>Feign Death - Drops your aggro and make you leave combat. Doesn\'t make you immune to mechanics, like fire;</li> <li>Disengage - Jump backwards a great distance and can be used to prevent fall damage;</li> <li> Camouflage - Reduces the range that enemies will see you; </li> <li> Misdirection - Redirects all the threat you generate to a target, useful to help tanks at start of fights or to pick up new adds; </li> <li> Flare - Reveals all stealth units in an area; </li> <li> Counter Shot - Interrupts an enemy spell cast; </li> <li> Concussive Shot - Dazes the target to 50% of their total movespeed; </li> <li> Freezing Trap - A trap that will freeze whoever triggers it for 1 minute, any damage will break the freeze. </li> </ul> <p></p> </li> </ul> <p></p> <p></p>',0,27),(29,'Mage Specialist','<p> Mages are the classical Mage/Wizard from RPGs and other stories. They have mastery over Arcane, Fire and Frost, having their attacks based on those three schools of magic. Each spec – Arcane, Fire, and Frost – has access to unique spells and mechanics, being every spec really different from the other 2. Out of combat, all three specs share a lot of useful perks, like portals and conjuring food for themselves/their groups. </p> <h4>Major Mechanics</h4> <p> Overall, there is not much that defines Mages as a whole; each spec is really different from one another. Arcane is based on attacking solely with hard nukes and mana conservation; Frost is strong against few targets, with great passive cleave and slows; Fire is based around critical strikes, dealing more damage as that stat grows and easily spreading its damage around. </p><ul> <p> Resources - Each spec has different resources and different\n\nways to generate them: <li> Arcane: Arcane Charge is the main resource for Arcane. Each stack increases the damage you deal and dictates the spec\'s rotation and ramp up time. Every spell cast either generates or also has a chance to generate Arcane Charges. </li> <li> Fire: Fire has no direct resource like Arcane, but instead has Heating Up/ Hot Streak, which are generated with spell crits. </li> <li> Frost: Frost also has no direct resource, but have two procs that change its normal flow: Brain Freeze and Fingers of Frost. </li> </p> <p> Damage Enhancements - All three specs share only Time Warp but it is more a group-wide cooldown than a player-specific one. Besides that, each has their own unique ones. Arcane has Arcane Power and Evocation, Fire Combustion and Frost Icy Veins and Frozen Orb. From talents, all three specs can access some unique abilities like Arcane Orb and Comet Storm, and a couple shared ones, like Rune of Power. </p> <p> Utility - Mages bring utility both in-combat and outside of it: <li> Blink - A quick teleport a few yards away; </li> <li> Invisibility/ Greater Invisibility - Drops all threat after a few seconds, making the Mage invisible as well; </li> <li> Ice Block - Makes you completely immune to damage and clears all your debuffs, but makes you unable to move in the process; </li> <li> Dragon\'s Breath (Fire) - Disorient targets for a short period of time; </li> <li> Cone of Cold (Frost) - Slows all nearby targets for a short period of time; </li> <li> Counterspell - Interrupts an enemy spell cast; </li> <li> Spellsteal - Steal buffs from your enemy; </li> <li> Polymorph - Transform the target into a sheep, making it lose control; </li> <li> Frost Nova - Roots all nearby targets; </li> <li> Various Teleports - Teleports you/creates a portal to most major cities and locations in the game; </li> <li> Conjure Refreshment/ Conjure Refreshment Table - Conjures food for you/your group. </li> </p>  </ul> <p></p>',0,27),(30,'Priest','<p> Shadow Priests are priests that use their faith and intelligence in order to cause pain and suffering to their enemies. Most of their spells are either related to hits directly into their foes minds, weakening them at every blow or tapping into the power of the void to strike their foes with ancient powers. Like other Priest specs, they have the option to heal their allies\' wounds, but not doing so enhances their damage and makes them stronger. Shadow Priests can also convert the pain of their enemies into salvation to their allies, using vampiric rituals in order to do so. </p> <h4>Major Mechanics</h4> <p> What defines Priests that select the shadow specialization is their signature ability Voidform, which gives allows the Priest to tap deeper into the powers of the Void, giving a translucent appearance and makes their void powers manifest to the outside world. With some tentacles as a side-effect. </p> <ul> <li> Resources: <p> Shadow\'s main resource is Insanity. Most of Shadow\'s actions will generate Insanity. Reaching the peak of Insanity will allow you to use Void Eruption, which will then activate Voidform. As long as Voidform lasts, your haste will increase. However, during it, your Insanity will start to deplete, faster and faster as time passes, until it eventually reaches 0, deactivating Voidform. </p> </li> <li> Damage Enhancements: <p> As far as damage cooldowns go, Shadow doesn\'t have many baseline tools, only Shadowfiend. With talents, the spectrum changes, adding many options: Shadow Word: Void, Dominant Mind, Shadow Crash, Mindbender and, last but not least, Surrender to Madness, the talent that fully embodies the void and chaotic archetypes of a Shadow Priest! </p> </li> <li> Utility: <p> Since Priest\'s other two options are healing\n\nspecializations, shadow have many tools that remind one of a healer, plus a couple other neat ones: <li> Vampiric Embrace - Convertss all shadow damage you do into healing to your group; </li> <li> Mass Dispel - Removes negative magic effects from allies and good magic effects from foes in an area; </li> <li> Levitate - Makes so members from your group can levitate, reducing fall damage and making them able to walk over water; </li> <li> Silence - Interrupts an enemy spell cast; </li> <li> Fade - Reduces all your threat, making enemies less likely to attack you for a few seconds; </li> <li> Dispel Magic - Removes a helpful buff from an enemy; </li> <li> Purify Disease - Removes all Disease effects from an ally. </li> <li> Dispersion - You disperse into pure shadow awesome... I mean, energy, reducing all damage you take; </li> <li> Shadow Mend - Heals a large part of the health of an ally, however, leaves a DoT effect that damages the ally for half of the amount. </li> <li> Mind Bomb - Stuns all enemies around a target enemy after a brief delay. </li> </p> </li> </ul>',0,27),(31,'Shaman','<p> Among Shaman, those who call themselves Elemental are those who chose the powers of Storms and Lightnings to strike their enemies down. Like other Shaman, they also have powerful spells attuned to the waters, to the earth, and to the flames to aid them in their fights. Shaman can also bind elementals to their will, using them against their enemies for short periods of time. </p> <h4> Major Mechanics</h4> <p> </p><ul> <li> Resources <p> Elemental\'s main resource is Maelstrom. Maelstrom is build and spend resource, generated by normal rotation spells like Lightning Bolt and Lava Burst and spent on Elemental Shocks like Earth Shock or Earthquake. </p> </li> <li> Damage Enhancements <p> Elemental has two baseline damage increases: Fire Elemental and Bloodlust/ Heroism, but the latter can be considered more a raid utility too since it affects the whole group. With talents, new options unlock: Elemental Blast, Icefury, Master of the Elements, Storm Elemental, Ascendance and Liquid Magma Totem. </p> </li> <li> Utility <p> Shaman have a lot of innate utility, specializing into Elemental adds a little more: <li>Wind Shear - Interrupts an enemy spellcast;</li> <li>Capacitor Totem - Drops a totem that will stun enemies after a short charging time;</li> <li> Cleanse Spirit - Removes curses from allies;</li> <li> Earth Elemental - Summons a tank pet to help soloing or in emergencies; </li> <li> Earthbind Totem - Drops a totem that will slow all nearby enemies;</li> <li> Frost Shock - Slows enemies affected by it;</li> <li> Ghost Wolf - You transform yourself into a wolf. You\'re unable to attack in this form, but increases your speed slightly;</li> <li> Hex - Transforms an enemy into a frog for a short while, damage may break the effect;</li> <li> Purge - Removes an helpful buff from an enemy;</li> <li> Thunderstorm - Knocks enemies away from you;</li> <li> Water Walking - Allows the target to walk on water.</li> <li> Wind Rush Totem - Creates a totem that increases the speed of nearby allies.</li> <li>Ancestral Guidance - Converts part of the damage you deal into healing to your group.</li> </p> </li> </ul> <p></p>',0,27),(32,'Section','adfadfasdf\nddata-adfadfasdfsd\nadfadfasdfsdsa\ndf=\"adfadfasdfsd\nadfadfasdfsdsa\ndf\"',0,28),(33,'White, gray and black','<p>\n  \n  White magic has traditionally been understood as the use of magic for selfless or helpful purposes, while black magic was used for selfish, harmful or evil purposes.[16][17] With respect to the left-hand path and right-hand path dichotomy, black magic is the malicious, left hand counterpart of the benevolent white magic. There is no consensus as to what constitutes white, gray or black magic, as Phil Hine says, \"like many other aspects of occultism, what is termed to be \'black magic\' depends very much on who is doing the defining.\"\n</p>\n\n<p>\n  \n  The ancient Mesopotamians also used magic intending to protect themselves from evil sorcerers who might place curses on them.[30] Black magic as a category didn\'t exist in ancient Mesopotamia, and a person legitimately using magic to defend themselves against illegitimate magic would use exactly the same techniques.[30] The only major difference was the fact that curses were enacted in secret;[30] whereas a defense against sorcery was conducted in the open, in front of an audience if possible.[30] One ritual to punish a sorcerer was known as Maqlû, or \"The Burning\".[30] The person viewed as being afflicted by witchcraft would create an effigy of the sorcerer and put it on trial at night.[\n</p>\n<p>\n  The ancient Mesopotamians made no distinction between rational science and magic.[34][35][36] When a person became ill, doctors would prescribe both magical formulas to be recited as well as medicinal treatments.[35][36][37] Most magical rituals were intended to be performed by an āšipu, an expert in the magical arts.[35][36][37][38] The profession was generally passed down from generation to generation[37] and was held in extremely high regard and often served as advisors to kings and great leaders.[39] An āšipu probably served not only as a magician, but also as a physician, a priest, a scribe, and a scholar.[39]\n</p>',1,50),(34,'History','<p>\n  Magic was invoked in many kinds of rituals and medical formulae, and to counteract evil omens. Defensive or legitimate magic in Mesopotamia (asiputu or masmassutu in the Akkadian language) were incantations and ritual practices intended to alter specific realities. The ancient Mesopotamians believed that magic was the only viable defense against demons, ghosts, and evil sorcerers.[27] To defend themselves against the spirits of those they had wronged, they would leave offerings known as kispu in the person\'s tomb in hope of appeasing them.[28] If that failed, they also sometimes took a figurine of the deceased and buried it in the ground, demanding for the gods to eradicate the spirit, or force it to leave the person alone.[\n</p>\n\n\n<p>\n  Magic was invoked in many kinds of rituals and medical formulae, and to counteract evil omens. Defensive or legitimate magic in Mesopotamia (asiputu or masmassutu in the Akkadian language) were incantations and ritual practices intended to alter specific realities. The ancient Mesopotamians believed that magic was the only viable defense against demons, ghosts, and evil sorcerers.[27] To defend themselves against the spirits of those they had wronged, they would leave offerings known as kispu in the person\'s tomb in hope of appeasing them.[28] If that failed, they also sometimes took a figurine of the deceased and buried it in the ground, demanding for the gods to eradicate the spirit, or force it to leave the person alone.[\n</p>\n<p>\n  Magic was invoked in many kinds of rituals and medical formulae, and to counteract evil omens. Defensive or legitimate magic in Mesopotamia (asiputu or masmassutu in the Akkadian language) were incantations and ritual practices intended to alter specific realities. The ancient Mesopotamians believed that magic was the only viable defense against demons, ghosts, and evil sorcerers.[27] To defend themselves against the spirits of those they had wronged, they would leave offerings known as kispu in the person\'s tomb in hope of appeasing them.[28] If that failed, they also sometimes took a figurine of the deceased and buried it in the ground, demanding for the gods to eradicate the spirit, or force it to leave the person alone.[\n</p>',0,50),(35,'Fireballs','<iframe width=\"560\" height=\"315\" src=\"https://www.youtube.com/embed/DGZSezfLbHY\" title=\"YouTube video player\" frameborder=\"0\" allow=\"accelerometer; autoplay; clipboard-write; encrypted-media; gyroscope; picture-in-picture\" allowfullscreen></iframe>',0,50),(36,'Fiballs spell','\n<p>\n  The ancient Mesopotamians made no distinction between rational science and magic.[34][35][36] When a person became ill, doctors would prescribe both magical formulas to be recited as well as medicinal treatments.[35][36][37] Most magical rituals were intended to be performed by an āšipu, an expert in the magical arts.[35][36][37][38] The profession was generally passed down from generation to generation[37] and was held in extremely high regard and often served as advisors to kings and great leaders\n</p>\n\n<img src=\"https://external-content.duckduckgo.com/iu/?u=https%3A%2F%2Fartfiles.alphacoders.com%2F479%2F47977.jpg&amp;f=1&amp;nofb=1\" />\n\n<p>\n  \n  The ancient Mesopotamians made no distinction between rational science and magic.[34][35][36] When a person became ill, doctors would prescribe both magical formulas to be recited as well as medicinal treatments.[35][36][37] Most magical rituals were intended to be performed by an āšipu, an expert in the magical arts.[35][36][37][38] The profession was generally passed down from generation to generation[37] and was held in extremely high regard and often served as advisors to kings and great leaders\n</p>',1,50),(37,'The DPSer that everyone loves','<p> Being a DPSer is not all fun and games. We usually will have fewer responsibilities than tanks and healers, but we have them as well and, if we do not accomplish them, we may cause a lot of trouble for tanks and healers or even wipes, which no one likes, right? </p> <p> So, if you\'re a ranged DPS, what should you do? </p> <p> Be respectful! - In your first journeys as a DPS, it is normal that you won\'t be in your best shape. Don\'t be afraid to admit it, tell your group that you\'re new and would like advice if possible, there is nothing wrong in that! Just remember to keep that in mind in your next journeys, when the new guy might happen to not be you. </p> <p> DO NOT STAND IN FIRE! - (As fire here, read \'Anything that damages you until you move out of it\') You may have heard that hundreds of times and you may even survive a couple ticks of that fire, but don\'t do it! Why not? Well, the first reason is that a dead DPS does 0 damage and we don\'t want that right? The second reason is that, even if you don\'t die, you will need extra heals, which can lead to the death of someone else in the group, like a tank, which can cause a wipe. The third reason is that if you grow used to standing in it when it actually matters and you need to get away from it, you won\'t because you\'re used to standing in it. </p> <p> Prioritize your kill targets properly - Most of raid and dungeon fights, there will be new enemies that will join throughout the encounter, those enemies - also known as adds - will usually die much quicker and will have more priority to die than the boss. That said, make sure you switch your main damage target to those adds when they spawn, even that it means that you will lose some DPS by doing so. </p> <p> Stand inside healing/beneficial zones - The direct opposite from the first tip. Most healers have spells that they can lay in the ground and, if you stand inside of them, you will get passively healed. If you spot one of them nearby you, go stand right on it! Also, some encounters will have beneficial zones as well, make sure the check the Dungeon Journal before you start the fight to see if it has one of those! </p> <p> Wait until you start DPSing a new target - Keep in mind that you\'re not a tank. Let the tanks pick up new adds and bosses as they show up during encounters, otherwise, you may get aggro from them, ending up getting killed really quick. That said, you should be fine to attack a new target once they are attacking one of your tanks. </p> <p> While doing everything listed above, deliver the highest amount of damage possible - Last but not least, we can\'t forget to do what we\'re intended to do. Even if you execute all fight mechanics properly, bosses still need to die within a reasonable\n\namount of time, which means that doing as much damage as possible is always important. </p>',1,51),(38,'What Ranged DPS should I play?','<p> Bad news everyone. I can\'t answer that for you, I\'m sorry. Good news everyone. I can help you with that decision! All options for Ranged DPS are a viable answer to that question. Even tho some people might say that x or y class/spec is bad right now, that won\'t be the case forever. So if I had to give you an advice to pick a class, I would suggest you pick by the class that fits your playstyle and you enjoy the most, by any reason, because you like the spells, because you like the fantasy behind it, anything. Don\'t let the flavor of the month factor influence your choice unless you enjoy changing classes every now and then. Below you can find a summary of all the classes available to be ranged DPS and some basic information on them. If you seek something more in-depth in one of them, please refer to our class guides, listed above. </p>',1,51),(39,'Druids','<p> Druids are World of Warcraft\'s \"jack of all trades\" class -- that is, capable of performing in a variety of different roles and as such have one of the most varied playstyles. Selecting this class would mean that, if let\'s say you get bored of being a ranged DPS, you would be able to use the same character to be any other role in the game! From tank, to healer and even to melee DPS, Druids can do it all! </p> <h4> Major Mechanics </h4> <p> The major mechanic for Druids is shapeshifting. Depending on what role the Druid wishes to perform, there is a different animal form to it. Ranged DPS Druids gain access to the Moonkin Form that changes you into a Moonkin (You probably saw some of those while leveling and probably killed some of them too.) If you don\'t enjoy being a chicken, there is always Glyph of Stars to change your form into an astral being. </p> <ul> <li>Resources <p> To attack, Moonkins use a variety of different spells, all tied to nature. Their main resource is Astral Power, which is some spells, like Wrath, build while others, like Starfall spend. </p> </li> <li>Damage Enhancements <p> By default, Moonkins have one big damage cooldown: Celestial Alignment and many others that can be unlocked via talents: Force of Nature, Warrior of Elune, Incarnation: Chosen of Elune and Fury of Elune. </p> </li> <li>Utility <p> By default, Moonkins have one big damage cooldown: Celestial Alignment and many others that can be unlocked via talents: Force of Nature, Warrior of Elune, Incarnation: Chosen of Elune and Fury of Elune. </p> </li> </ul> <p> Being Druids, Moonkins bring some really neat utility to their groups: </p><ul> <li> Rebirth - In-combat resurrection; </li> <li> Solar Beam - Interrupt that lasts while the target stands in the area; </li> <li> Barkskin - Damage reduction cooldown to help keep yourself alive; </li> <li> Dash - Speed boost that makes the druid unable to DPS, since you go to Cat Form, but can help you survive; </li> <li> Remove Corruption - Spell that removes curses and poisons if your group doesn\'t have a healer that can do so; </li> <li> Innervate - Makes so a friendly healer won\'t spend mana for 10 seconds. </li> <li> Affinities - These three spells tap deep in the jack-of-all-trades fantasy for Druids, allowing them to perform the roles of another specialization without changing his/hers. </li> <li> Mighty Bash - Stuns the target for 5 seconds. </li> <li> Mass Entanglement - Roots all targets in a given area for 20\n\nseconds, damage will break the effect. </li> <li> Typhoon - Knocks all enemies in front of the Druid and dazes them for 6 seconds. </li> </ul> <p></p>',1,51),(40,'Hunter','<p> Hunters are a unique ranged DPS class in World of Warcraft. They are the sole non-magical ranged damage-dealers, fighting with bows and guns. Hunters have a number of different kinds of shots and stings, which can be used to debuff an enemy, and are capable of laying traps to deal damage or otherwise slow/incapacitate their enemy. </p> <h4> Major Mechanics </h4> <p> The first thing that comes to everyone\'s minds when they think about Hunters, pets. While pets are not exclusive to Hunters, they are a huge part of the class as a whole. Hunters can tame over 50 different unique types of pets in the game, each pet belonging to a different pet family and bringing different benefits to the Hunter and his/her group. From stat increases to in-combat resurrections, pets can bring it all. </p><p> </p><ul> <li>Resources <p> As stated before, Hunters are the only non-magical ranged DPSer, having most of its attacks having no cast time. The only thing that limits a hunter is his main resource, Focus. Focus works like Rogue and Monk\'s Energy, but it is restored at a slower rate. Because of that, Hunters have attacks that have a sole intention to restore focus. </p> </li> <li>Damage Enhancements <p> Hunters have different damage increase cooldowns based on which specialization they are playing, like Beast Mastery have access to Bestial Wrath and Marksmanship to (Spell #193526) and a couple more via talents, Stampede for Beast Mastery. </p> </li> <li>Utility <p> Hunters bring many tools to their group, some of them depending on their specialization: </p><ul> <li>Feign Death - Drops your aggro and make you leave combat. Doesn\'t make you immune to mechanics, like fire;</li> <li>Disengage - Jump backwards a great distance and can be used to prevent fall damage;</li> <li> Camouflage - Reduces the range that enemies will see you; </li> <li> Misdirection - Redirects all the threat you generate to a target, useful to help tanks at start of fights or to pick up new adds; </li> <li> Flare - Reveals all stealth units in an area; </li> <li> Counter Shot - Interrupts an enemy spell cast; </li> <li> Concussive Shot - Dazes the target to 50% of their total movespeed; </li> <li> Freezing Trap - A trap that will freeze whoever triggers it for 1 minute, any damage will break the freeze. </li> </ul> <p></p> </li> </ul> <p></p> <p></p>',1,51),(41,'Mage Specialist','<p> Mages are the classical Mage/Wizard from RPGs and other stories. They have mastery over Arcane, Fire and Frost, having their attacks based on those three schools of magic. Each spec – Arcane, Fire, and Frost – has access to unique spells and mechanics, being every spec really different from the other 2. Out of combat, all three specs share a lot of useful perks, like portals and conjuring food for themselves/their groups. </p> <h4>Major Mechanics</h4> <p> Overall, there is not much that defines Mages as a whole; each spec is really different from one another. Arcane is based on attacking solely with hard nukes and mana conservation; Frost is strong against few targets, with great passive cleave and slows; Fire is based around critical strikes, dealing more damage as that stat grows and easily spreading its damage around. </p><ul> <p> Resources - Each spec has different resources and different\n\nways to generate them: <li> Arcane: Arcane Charge is the main resource for Arcane. Each stack increases the damage you deal and dictates the spec\'s rotation and ramp up time. Every spell cast either generates or also has a chance to generate Arcane Charges. </li> <li> Fire: Fire has no direct resource like Arcane, but instead has Heating Up/ Hot Streak, which are generated with spell crits. </li> <li> Frost: Frost also has no direct resource, but have two procs that change its normal flow: Brain Freeze and Fingers of Frost. </li> </p> <p> Damage Enhancements - All three specs share only Time Warp but it is more a group-wide cooldown than a player-specific one. Besides that, each has their own unique ones. Arcane has Arcane Power and Evocation, Fire Combustion and Frost Icy Veins and Frozen Orb. From talents, all three specs can access some unique abilities like Arcane Orb and Comet Storm, and a couple shared ones, like Rune of Power. </p> <p> Utility - Mages bring utility both in-combat and outside of it: <li> Blink - A quick teleport a few yards away; </li> <li> Invisibility/ Greater Invisibility - Drops all threat after a few seconds, making the Mage invisible as well; </li> <li> Ice Block - Makes you completely immune to damage and clears all your debuffs, but makes you unable to move in the process; </li> <li> Dragon\'s Breath (Fire) - Disorient targets for a short period of time; </li> <li> Cone of Cold (Frost) - Slows all nearby targets for a short period of time; </li> <li> Counterspell - Interrupts an enemy spell cast; </li> <li> Spellsteal - Steal buffs from your enemy; </li> <li> Polymorph - Transform the target into a sheep, making it lose control; </li> <li> Frost Nova - Roots all nearby targets; </li> <li> Various Teleports - Teleports you/creates a portal to most major cities and locations in the game; </li> <li> Conjure Refreshment/ Conjure Refreshment Table - Conjures food for you/your group. </li> </p>  </ul> <p></p>',0,51),(42,'Priest','Priest\n\n<p> Shadow Priests are priests that use their faith and intelligence in order to cause pain and suffering to their enemies. Most of their spells are either related to hits directly into their foes minds, weakening them at every blow or tapping into the power of the void to strike their foes with ancient powers. Like other Priest specs, they have the option to heal their allies\' wounds, but not doing so enhances their damage and makes them stronger. Shadow Priests can also convert the pain of their enemies into salvation to their allies, using vampiric rituals in order to do so. </p> <h4>Major Mechanics</h4> <p> What defines Priests that select the shadow specialization is their signature ability Voidform, which gives allows the Priest to tap deeper into the powers of the Void, giving a translucent appearance and makes their void powers manifest to the outside world. With some tentacles as a side-effect. </p> <ul> <li> Resources: <p> Shadow\'s main resource is Insanity. Most of Shadow\'s actions will generate Insanity. Reaching the peak of Insanity will allow you to use Void Eruption, which will then activate Voidform. As long as Voidform lasts, your haste will increase. However, during it, your Insanity will start to deplete, faster and faster as time passes, until it eventually reaches 0, deactivating Voidform. </p> </li> <li> Damage Enhancements: <p> As far as damage cooldowns go, Shadow doesn\'t have many baseline tools, only Shadowfiend. With talents, the spectrum changes, adding many options: Shadow Word: Void, Dominant Mind, Shadow Crash, Mindbender and, last but not least, Surrender to Madness, the talent that fully embodies the void and chaotic archetypes of a Shadow Priest! </p> </li> <li> Utility: <p> Since Priest\'s other two options are healing\n\nspecializations, shadow have many tools that remind one of a healer, plus a couple other neat ones: <li> Vampiric Embrace - Convertss all shadow damage you do into healing to your group; </li> <li> Mass Dispel - Removes negative magic effects from allies and good magic effects from foes in an area; </li> <li> Levitate - Makes so members from your group can levitate, reducing fall damage and making them able to walk over water; </li> <li> Silence - Interrupts an enemy spell cast; </li> <li> Fade - Reduces all your threat, making enemies less likely to attack you for a few seconds; </li> <li> Dispel Magic - Removes a helpful buff from an enemy; </li> <li> Purify Disease - Removes all Disease effects from an ally. </li> <li> Dispersion - You disperse into pure shadow awesome... I mean, energy, reducing all damage you take; </li> <li> Shadow Mend - Heals a large part of the health of an ally, however, leaves a DoT effect that damages the ally for half of the amount. </li> <li> Mind Bomb - Stuns all enemies around a target enemy after a brief delay. </li> </p> </li> </ul>',0,51),(43,'Shaman','<p> Among Shaman, those who call themselves Elemental are those who chose the powers of Storms and Lightnings to strike their enemies down. Like other Shaman, they also have powerful spells attuned to the waters, to the earth, and to the flames to aid them in their fights. Shaman can also bind elementals to their will, using them against their enemies for short periods of time. </p> <h4> Major Mechanics</h4> <p> </p><ul> <li> Resources <p> Elemental\'s main resource is Maelstrom. Maelstrom is build and spend resource, generated by normal rotation spells like Lightning Bolt and Lava Burst and spent on Elemental Shocks like Earth Shock or Earthquake. </p> </li> <li> Damage Enhancements <p> Elemental has two baseline damage increases: Fire Elemental and Bloodlust/ Heroism, but the latter can be considered more a raid utility too since it affects the whole group. With talents, new options unlock: Elemental Blast, Icefury, Master of the Elements, Storm Elemental, Ascendance and Liquid Magma Totem. </p> </li> <li> Utility <p> Shaman have a lot of innate utility, specializing into Elemental adds a little more: <li>Wind Shear - Interrupts an enemy spellcast;</li> <li>Capacitor Totem - Drops a totem that will stun enemies after a short charging time;</li> <li> Cleanse Spirit - Removes curses from allies;</li> <li> Earth Elemental - Summons a tank pet to help soloing or in emergencies; </li> <li> Earthbind Totem - Drops a totem that will slow all nearby enemies;</li> <li> Frost Shock - Slows enemies affected by it;</li> <li> Ghost Wolf - You transform yourself into a wolf. You\'re unable to attack in this form, but increases your speed slightly;</li> <li> Hex - Transforms an enemy into a frog for a short while, damage may break the effect;</li> <li> Purge - Removes an helpful buff from an enemy;</li> <li> Thunderstorm - Knocks enemies away from you;</li> <li> Water Walking - Allows the target to walk on water.</li> <li> Wind Rush Totem - Creates a totem that increases the speed of nearby allies.</li> <li>Ancestral Guidance - Converts part of the damage you deal into healing to your group.</li> </p> </li> </ul> <p></p>',1,51),(44,'Warlock','<p> Warlocks are the most volatile and insatiable of all caster classes in World of Warcraft, creating mistrust among even their closest allies thanks to their desire to understand darker\n\nmagics and exercising of demonic forces. Warlocks have mastery over forces of shadow, fel magics and can exercise great control of their demons with their three specializations. They bring some of the most unique utility in the form of creating healthstones to heal their allies, summons to invoke allies to their position, and even store their soul and allow for instant resurrection with soulstones. </p> <h4>Major Mechanics</h4> <p> The major mechanic for Warlocks are their demons. Like Hunters, Warlocks have permanent pets to help them destroy their enemies. Although, unlike Hunters, Warlock\'s ones are their demon slaves. A big part of a Warlock is to know when to use each demon and how to use it properly. </p><ul> <li>Resources <p> All Warlocks specs use Mana, as well as having a secondary resource called Soul Shards. Soul Shards are refilled by most basic attacks and used on powerful spells. </p> </li> <li>Affliction <p> Generated by your lighter-hitting Damage over Time (DoT) abilities, and used to unleash specially powerful DoTs, like Unstable Affliction. </p> </li> <li>Demonology <p> Generated by your basic abilities, and used in spells that summon more demons to your side, like Call Dreadstalkers. </p> </li> <li>Destruction <p> oul Shards work differently as Destruction, where you generate Soul Shard fragments on your light-hitting nukes and use complete shards to unleash either a massive bolt of damage ( Chaos Bolt) or to rain down meteors upon your enemies ( Rain of Fire). </p> </li> <li>Damage Enhancements <p> All Warlocks can summon incredibly powerful demons to aid them for a short time, each demon focusing on the strengths of each specialization: <li>Affliction has Summon Darkglare, which increases the duration on their DOT effects and deals increased damage based on you active DOTs;</li> <li>Demonology has Summon Demonic Tyrant, which extends the duration of temporary demons and empowers them to deal increased damage;</li> <li>Destruction has Summon Infernal, which generates Soul Shard Fragments while damaging nearby enemies.</li> </p> </li> <li>Utility <p> Once kings of utility, Warlocks still have many tools in their kit, but not as powerful as before: <li> Create Soulwell - A cheap version of in-combat potions;</li> <li>Soulstone - Can be used as a pre-meditated resurrection or an in-combat resurrection;</li> <li>Demonic Circle - Creates a Demonic Circle, which you can teleport back to with Demonic Circle: Teleport. This also removes all snaring and slow effects;</li> <li> Demonic Gateway - Place two gateways that can be used by group members to travel between them;</li> <li>Ritual of Summoning - Used to summon other group members with the help of some group members;</li> <li>Unending Resolve - Reduces all damage taken by yourself;</li> <li>Fear - Makes an enemy unable to control himself and run away in fear;</li> <li>Banish - Banishes an enemy demon so it cannot act or be attacked for a while; </li> <li>Subjugate Demon - Controls an enemy demon to be your servant for a few minutes. Completing it will despawn your normal demon pet;</li> <li>Spell Lock - Interrupt an enemy spellcast. Requires you to use Summon Felhunter;</li> <li>Demon Skin - An ever charging shield to protect you against harm; </li> <li>Mortal Coil - Incapacitates an enemy for 3 seconds;</li> <li> Shadowfury - Stuns all enemies in its area for 3 seconds.</li> </p> </li> </ul> <p></p>',1,51),(45,'Knowing Your Role','<p> It should be no surprise that as a healer, the primary goal is to heal your allies and keep them from dying. You have many ways to go about this in the form of healing spells, support spells and in some cases radiant weapons. The amount of upkeep and things to keep track of make healer a very stimulating and rewarding class to play. That said, healers should constantly survey how the fight is going and change to act accordingly. Since the tide of battle can change at any moment, its up to the healer to decide what they feel is a more pressing matter, but a very basic priority list for a healer is as follows. </p> <p> Drop Aggro &gt;&gt; Heal Allies &gt; Set up Support &gt; Damage Enemies </p> <ul> <li> Drop Aggro: A dead healer is a useless healer (in most cases), so getting the enemies off your back and properly targeting another ally should be your first and constant goal. You have the ability to heal the ally that receives the aggro, while they do not, so getting out of harm\'s way is a top priority. That does not mean you do \'nothing\' as you try to shake them off, but it should always be your goal when moving around during moments of constant pressure. </li> <li> Heal Allies: Always keep your allies healed to a healthy amount. You should be aware of the tanking abilities of each of your team mates, so prioritize allies that are getting hurt with low defense or constantly taking aggro. In general, should your mana allow it, keeping players topped up near maximum life is the goal. But when things are getting hectic, especially during invasions and boss fights, you have mere seconds to decide who is in more danger of dying than everyone else. So topping off an ally may not be the smartest idea, instead going for some split healing to keep multiple allies away from dying would be a better choice. </li> <li> Set up Support: There exist many support items that do not directly heal allies, but contribute towards their protection regardless. Damage reduction, life shields, life recovery, heal over time effects and the like take time to prepare, but can save lives when a ramp in danger occurs. During down moments in fights, a healer can prepare or dish out support abilities to better prepare for a phase or a dangerous and incoming attack. If your allies are pretty healthy, and you have not refreshed your support effects recently, it might be wise to set them up. </li> <li> Damage Enemies: If you are not in immediate danger, your allies are at an acceptable level of health, and your support spells still have a good bit of time on them, then it is time to start helping the cause. Your radiant weapons offer a way to dish out some damage, while still providing supportive effects, should things start turning ugly again. Just be sure not to drain all of your mana with radiant spells; should your allies\n\nstart getting heavily damaged again, you may lack the necessary mana to save them. </li> </ul>',1,52),(46,'Mechanics - Part I','<p> The Healer class has various unique mechanics that are relevant to their success. A simplified version of this list can be found on the main Healer page, but this guide will go slightly more in-depth in this section. </p> <ul> <li>Additional Healing <p> Most healing sources heal for a base amount as stated in their tooltips. Several items provide additional healing power to the owner, allowing them to increase their healing output. Usually these bonuses to healing cannot be used on the casting player wielding the items, but with spells like the Holy Staff, Twinkle and Renew the player can receive these bonuses along with their allies. Being afflicted by Mana Sickness after drinking Mana Potions also afflicts the player with Out of Touch, negating bonus healing. This negative effect encourages healers to better manage their mana consumption and punish healers who may try to spam Mana Potions. </p> </li> <li> Life Recovery <p> Life recovery is a special form of healing that functions as a heal over time effect. It works separately from life regeneration and continues to work even when life regeneration does not due to effects like Bleeding. The recovery rate is unaffected by movement, taking damage, dealing damage, or anything other than its timer. Every second, unless under the effects of the Ra\'s Whisper, the player will heal life equal to their life recovery amount. All forms of life recovery provided by the healer come from accessory effects and work as buffs on the healed ally. Since life recovery effects are applied and last their full duration after only one trigger, it works well in situations where the healer may lose line of sight of their healing targets. It also works well in fights that are drawn out, where sustained healing is more important than burst healing. Healing spells that affect a large number of allies also work incredibly well with life recovery effects, as they can trigger a large amount of life recovery cycles with a single cast. </p> </li> <li>Barrier Life <p> Barrier life is a decaying, temporary increase to a players maximum life. Taking damage will take health away from the barrier before truly effecting your health pool. Essentially, it works as a buffer against the next attacks against you. Many healing items and support spells give barrier life, though it can be granted by other items and effects as well. It doesnt take up a buff slot, so the ability to have 25/50 more maximum health is an incredibly powerful effect. A players barrier will decay by 1 every second until they have no more barrier life. </p> </li> </ul>',0,52),(47,'Mechanics - Part II','<p> We will continue with three more mechanics. </p> <ul> <li> Auras <p> Auras are temporary rings of various sizes that surround the cursor of the owner when activated. They apply beneficial effects to any allies that touch the aura, but do not benefit the casting user. These auras do not have to be channeled, and last for a reasonable time after only one use. With one use of the chosen aura, the healer can then switch to whichever healing spell or weapon they feel is needed, and still grant special effects to allies they touch. The auras allow healers to improve the damage of their team and survivability passively, with minimal effort and upkeep. </p> </li> <li> Heal Streak <p> Heal streaks are a primarily informative feature that displays the amount of healing done by a healer over a certain amount of time. After three seconds of not contributing towards a heal streak, a large green number will appear above the head of the healer displaying the total amount healed over the course of\n\nthe streak and signifying its end. Currently, three actions will build up a heal streak: Healing Players: Directly healing an ally player or the caster themselves through healing spells such as The Good Book or Holy Staff. Mitigating Damage: Reducing the damage allies take through items such as the Ancient Aegis and Protection Staff. Stealing Life: Stealing enemy life using radiant weapons such as Leech Bolt and Blood Transfusion. </p> </li> <li> Radiant Damage <p> Along with the healer class\' new healing abilities, a new damage type has been created specifically for them known as Radiant Damage. They can increase radiant damage through healer armors, accessories, items, and even a buff potion. Radiant weapons have special secondary effects that support allies and even the healer themselves in some cases. Radiant weapons are categorized into three unlisted subgroups: Light Radiant: Weapons that help to heal allies or the caster. This heal may be a direct heal, a heal over time, or heals that persist in the world for others to grab. Dark Radiant: Weapons that steal or cost life. They support allies by transferring some of the casters health into nearby hurt allies or stealing the life of enemies. Benign Radiant: Weapons like the Scythes, which do not fit into the other two categories. They do not typically offer secondary supportive effects, and work more like traditional weapons. </p> </li> </ul>',0,52),(48,'Item Specialties','<p> A variety of items had a specialty purpose in mind when they were added to the game. On the off chance some are lost to players, this list aims to inform the player on why you may want to use a handful of items in particular, given some of their questionable attributes. </p> <ul> <li>War Forger <p> The War Forger is a post-Eye of Cthulhu support item that grants all nearby allies up to a 25 life shield when used by a healer. It\'s ability to effect an infinite amount of allies in the area with one use is rather potent in its stage of the game. It works incredibly well as a pre-boss boost to you and your allies\' maximum life and survivability. At the meager cost of about 80 mana, assuming you have no bonus healing or mana cost reductions, an enumerable amount of allies can have an extra life crystal worth in health for as long as the life shield persists. </p> </li> <li> Cleansing Water Pouch <p> The Cleansing Water Pouch may seem a little weaker in terms of healing potential at a glance, but its ability to heal targets again at an incredibly reduced mana cost allows for far greater mana conservation. In situations where allies are taking sustained damage and not burst damage, the pouch excels. When the moment arrives that some burst healing is in order, you will have an ample supply of mana to dish out the necessary amount of healing to protect your allies. </p> </li> <li> Whispering Dagger <p> The Whispering Dagger is an interesting item that encourages a high risk, high reward situation. Sacrificing 80% of your health may seem like a ridiculous idea, but the damage increase it provides is massive. You get a full minute of increased damage before the negative effect actually goes off. So for situations where time is of the essence, a healer would find it in their best interest to pull out the dagger, such as when day time is approaching against Skeletron Prime. </p> </li> <li> Phoenix Staff <p> The goal of a healer is to prevent your allies from dying, so a shoulder guardian spot taken up by a feature that only works when a player has died may seem questionable. The reality is casual players will encounter deaths in their playthrough, especially in Expert Mode. Difficult invasions like the Pumpkin Moon, Frost Moon and Martian Madness deal an incredible amount of damage to players in a very hectic way. It\'s not uncommon to suffer a death or two in these events, so with a phoenix out, every nearby ally can get back into the fight much quicker and with more health. It should be noted that the percentage amounts the item uses are influenced by bonus healing at a 1.5 ratio.\n\nI.e it starts at 6% but with 5 bonus healing, it would be 13.5%. </p> </li> <li> Martyr\'s Chalice <p> Deliberately causing your own death may seem like a backwards idea after what has been discussed in this guide. But the ability to heal all allies, with infinite range for a large portion of health can save some fights. If everyone in your group has been battered down by an invasion or boss, and your death seems imminent, you can sacrifice however much health you had to give 100+ to everyone else as well as some brief invulnerability. The larger the group, the higher the amount healed in a single use. A more comedic situation is to use the chalice to save a mortally injured ally that may be exploring away from the group. Since the range is infinite, if the healer is in base, away from monsters trying to steal their money, they can save that person with a small cost of some time to respawn. </p> </li> </ul>',0,52),(49,'Support Set Ups','<p> When it comes to support entity placements, two dominant strategies exist: </p> <p> Setting up shop is the strategy of placing all, or most, of your support spells in one central location. This allows hurt players to gravitate towards the spot you\'ve chosen if they have suffered a large amount of damage recently. Generally, it exists as a safe spot that the healer will focus on during an invasion or boss fight. It can simplify movement for players, works as a beacon for your allies, and allows you to recover ally life incredibly quickly. The issue with this strategy however is boss placement. If a boss is currently occupying your shop spot, then it wouldn\'t be wise for allies to stick around it. When this occurs, a large amount of support time, mana, and possibly life will be lost as you either wait for the boss to move again or reposition your shop. </p> <p> Full Coverage is the other prevailing strategy. To put it simply, you place your supports around the arena in a systematic fashion so that allies are always in reach of some sort of support spell. With this strategy, the support is not as potent or centralized, but is never in danger of completely vanishing. The bosses position is not nearly as important to the healers success and allows your allies to focus on dodging attacks rather than trying to reach a specific point where they can rest for a moment. However, if your team takes a considerable amount of damage rather quickly, this strategy may lack the burst potential of the shop strategy. </p> <p> Ultimately, it is up to the healer to choose, as some boss fights and invasions suffer from the cons of each strategy far less than others. </p>',0,52),(50,'Potion Making Basics','<p>\n  Craft your brewing stand and place it on the ground. Open your crafting table, place three cobblestone\n   blocks in the bottom row of the crafting grid, place a blaze rod in the middle square, and move the \n   brewing stand to your inventory. Select it in your inventory, then select the ground to place the brewing stand.\n</p>\n<ul>\n  <li>\n    Healing potions\n  </li>\n  <li>\n    Mana potions\n  </li>\n</ul>\n',1,53),(51,'Pharmacists','\n<p>\n\n  In 18th and 19th century Britain, pharmacies or apothecaries were often a cheaper, more accessible option for medical treatment than doctors.[16] Potions distributed by chemists for illnesses were often derived from herbs and plants, and based on old beliefs and remedies.\n</p>\n',0,53),(52,'Origins','<p><code><i>After the medieval period, the word elf tended to become less common throughout the Germanic languages, losing out to alternative native terms like Zwerg (\"dwarf\") in German and huldra (\"hidden being\") in North Germanic languages, and to loan-words like fairy (borrowed from French into most of the Germanic languages). Still, beliefs in elves persisted in the early modern period, particularly in Scotland and Scandinavia, where elves were thought of as magically powerful people living, usually invisibly, alongside everyday human communities. They continued to be associated with causing illnesses and with sexual threats. For example, a number of early modern ballads in the British Isles and Scandinavia, originating in the medieval period, describe elves attempting to seduce or abduct human characters. </i></code></p>\n\n<img src=\"https://artfiles.alphacoders.com/383/thumb-1920-38391.jpg\" />\n\n<p><code><i>From this Romanticist elite culture came the elves of popular culture that emerged in the nineteenth and twentieth centuries. The \"Christmas elves\" of contemporary popular culture are a relatively recent creation, popularized during the late nineteenth-century in the United States. Elves entered the twentieth-century high fantasy genre in the wake of works published by authors such as J. R. R. Tolkien; these re-popularised the idea of elves as human-sized and humanlike beings. Elves remain a prominent feature of fantasy books and games nowadays.</i></code></p>\n\n<p><code><i></i></code></p>',1,54),(53,'Basic Spellcasting','<p><code><i>\n  From a scientific viewpoint, elves are not considered objectively real.[2] However, elves have in many times and places been believed to be real beings.[3] Where enough people have believed in the reality of elves that those beliefs then had real effects in the world, they can be understood as part of people\'s worldview, and as a social reality: a thing which, like the exchange value of a dollar bill or the sense of pride stirred up by a national flag, is real because of people\'s beliefs rather than as an objective reality.[3] Accordingly, beliefs about elves and their social functions have varied over time and space.[4]\n</i></code></p>\n\n\n<h3><code><i>\n  Integration into Christian\n</i></code></h3>\n\n<ul>\n  <li><b><code><i>In English-language material: in the Royal Prayer Book from c. 900, elf appears as a gloss for \"Satan\".[10] In the late-fourteenth-century Wife of Bath\'s Tale, Geoffrey Chaucer equates male elves with incubi </i></code></b></li>\n  <li><b><code><i>In medieval Iceland, Snorri Sturluson wrote in his Prose Edda of ljósálfar and dökkálfar (\'light-elves and dark-elves\'),</i></code></b></li>\n  <li><b><code><i>Elves appear as demonic forces widely in medieval and early modern English, German, and Scandinavian prayers</i></code></b></li>\n  <li><b><code><i>Viewing elves as being more or less like people, and more or less outside Christian cosmology</i></code></b></li>\n</ul>\n\n<p><code><i>\n  ome nineteenth- and twentieth-century scholars attempted to rationalise beliefs in elves as folk-memories of lost indigenous peoples. Since belief in supernatural beings is so ubiquitous in human cultures, however, scholars no longer believe such explanations are valid.[24][25] Research has shown, however, that stories about elves have often been used as a way for people to think metaphorically about real-life ethnic others.[26][27][5]\n  \n</i></code></p>\n\n\n\n<h3><code><i>\n  \n  Demythologising elves\n</i></code></h3>\n\n<p><code><i>\n  Scholars have at times also tried to explain beliefs in elves as being inspired by people suffering certain kinds of illnesses (such as Williams syndrome).[28] Elves were certainly often seen as a cause of illness, and indeed the English word oaf seems to have originated as a form of elf: the word elf came to mean \'changeling left by an elf\' and then, because changelings were noted for their failure to thrive, to its modern sense \'a fool, a stupid person; a large, clumsy man or boy\'.[29] However, it again seems unlikely that the origin of beliefs in elves itself is to be explained by people\'s encounters with objectively real people affected by disease.\n  \n</i></code></p>',1,54);
/*!40000 ALTER TABLE `sections` ENABLE KEYS */;
UNLOCK TABLES;

--
-- Table structure for table `user_branches`
--

DROP TABLE IF EXISTS `user_branches`;
/*!40101 SET @saved_cs_client     = @@character_set_client */;
/*!40101 SET character_set_client = utf8 */;
CREATE TABLE `user_branches` (
  `userId` int(11) NOT NULL,
  `branchId` int(11) NOT NULL,
  PRIMARY KEY (`userId`,`branchId`),
  KEY `IDX_730d741ac106176848e5b3c96c` (`userId`),
  KEY `IDX_d4bfb1375daa4e5e17f3def240` (`branchId`),
  CONSTRAINT `FK_730d741ac106176848e5b3c96cd` FOREIGN KEY (`userId`) REFERENCES `users` (`id`) ON DELETE CASCADE ON UPDATE CASCADE,
  CONSTRAINT `FK_d4bfb1375daa4e5e17f3def2403` FOREIGN KEY (`branchId`) REFERENCES `branches` (`id`) ON DELETE NO ACTION ON UPDATE NO ACTION
) ENGINE=InnoDB DEFAULT CHARSET=utf8 COLLATE=utf8_bin;
/*!40101 SET character_set_client = @saved_cs_client */;

--
-- Dumping data for table `user_branches`
--

LOCK TABLES `user_branches` WRITE;
/*!40000 ALTER TABLE `user_branches` DISABLE KEYS */;
INSERT INTO `user_branches` VALUES (11,22),(12,20),(12,30),(12,35),(14,30),(15,25),(15,29),(15,35),(16,25),(21,29),(25,18),(25,20),(25,25),(32,30);
/*!40000 ALTER TABLE `user_branches` ENABLE KEYS */;
UNLOCK TABLES;

--
-- Table structure for table `user_courses`
--

DROP TABLE IF EXISTS `user_courses`;
/*!40101 SET @saved_cs_client     = @@character_set_client */;
/*!40101 SET character_set_client = utf8 */;
CREATE TABLE `user_courses` (
  `userId` int(11) NOT NULL,
  `courseId` int(11) NOT NULL,
  PRIMARY KEY (`userId`,`courseId`),
  KEY `IDX_e49f8af9cda3a22a92d67973af` (`courseId`),
  KEY `IDX_e2b16d2d170e1e994c4ed5f947` (`userId`),
  CONSTRAINT `FK_e2b16d2d170e1e994c4ed5f9476` FOREIGN KEY (`userId`) REFERENCES `users` (`id`) ON DELETE CASCADE ON UPDATE CASCADE,
  CONSTRAINT `FK_e49f8af9cda3a22a92d67973af0` FOREIGN KEY (`courseId`) REFERENCES `courses` (`id`) ON DELETE NO ACTION ON UPDATE NO ACTION
) ENGINE=InnoDB DEFAULT CHARSET=utf8 COLLATE=utf8_bin;
/*!40101 SET character_set_client = @saved_cs_client */;

--
-- Dumping data for table `user_courses`
--

LOCK TABLES `user_courses` WRITE;
/*!40000 ALTER TABLE `user_courses` DISABLE KEYS */;
INSERT INTO `user_courses` VALUES (11,26),(11,28),(11,50),(12,27),(12,49),(12,50),(12,52),(12,54),(13,52),(14,27),(14,50),(14,52),(15,27),(15,49),(15,50),(15,51),(15,52),(15,54),(16,51),(17,51),(18,26),(18,51),(19,26),(19,51),(20,26),(20,51),(20,52),(21,27),(21,50),(22,26),(23,51),(23,52),(24,28),(25,26),(25,27),(25,49),(25,50),(25,51),(25,54),(28,51),(28,52),(30,50),(30,52),(30,54),(31,49),(31,50),(31,51),(31,52),(32,50),(32,51),(32,52);
/*!40000 ALTER TABLE `user_courses` ENABLE KEYS */;
UNLOCK TABLES;

--
-- Table structure for table `users`
--

DROP TABLE IF EXISTS `users`;
/*!40101 SET @saved_cs_client     = @@character_set_client */;
/*!40101 SET character_set_client = utf8 */;
CREATE TABLE `users` (
  `id` int(11) NOT NULL AUTO_INCREMENT,
  `email` varchar(100) COLLATE utf8_bin NOT NULL,
  `password` varchar(100) COLLATE utf8_bin NOT NULL,
  `firstName` varchar(50) COLLATE utf8_bin NOT NULL DEFAULT '',
  `lastName` varchar(50) COLLATE utf8_bin NOT NULL DEFAULT '',
  `guildRank` varchar(50) COLLATE utf8_bin NOT NULL DEFAULT 'bronze',
  `guildClass` varchar(50) COLLATE utf8_bin NOT NULL DEFAULT 'fighter',
  `createdOn` datetime NOT NULL DEFAULT current_timestamp(),
  `roleId` int(11) DEFAULT NULL,
  `picture` varchar(200) COLLATE utf8_bin DEFAULT NULL,
  PRIMARY KEY (`id`),
  UNIQUE KEY `IDX_97672ac88f789774dd47f7c8be` (`email`),
  KEY `FK_368e146b785b574f42ae9e53d5e` (`roleId`),
  CONSTRAINT `FK_368e146b785b574f42ae9e53d5e` FOREIGN KEY (`roleId`) REFERENCES `roles` (`id`) ON DELETE NO ACTION ON UPDATE NO ACTION
) ENGINE=InnoDB AUTO_INCREMENT=33 DEFAULT CHARSET=utf8 COLLATE=utf8_bin;
/*!40101 SET character_set_client = @saved_cs_client */;

--
-- Dumping data for table `users`
--

LOCK TABLES `users` WRITE;
/*!40000 ALTER TABLE `users` DISABLE KEYS */;
INSERT INTO `users` VALUES (9,'teacher@mail.bg','$2b$10$rVPKWZuyrv8YJW0mUy3ZH.iblKgi1xRBdYKFZkJx76SgOncOeaK6i','Ivan','Petrov','bronze','fighter','2021-09-02 09:41:23',1,'3811454a-fbaf-4813-b093-be5ee18c8a19.jpg'),(10,'teacher@gmail.com','$2b$10$5lS7rioz7ytXCFJ4ExdouebntjQFsyIMIjBYG0KM85oDg2mpyJpL.','Legolas','Stoyanov','bronze','fighter','2021-09-02 09:42:30',1,NULL),(11,'dwarfy@mail.bg','$2b$10$iq3weKMF.xB3bAyARgWRPelCBTKXJNMoA6KpKBDq2O.ProqbF.Pf.','Gimmly','Ironfist','bronze','fighter','2021-09-02 09:44:40',2,'1e43191c-8461-4f34-a4c7-4fd705a3df88.jpg'),(12,'carpera@fantasy.com','$2b$10$WLWcIUEby/8Hb.ClAqHWCeLuUfYOUn77N2y0Ibo8Xph1kD3pYMAiO','Carpera','Myrril','bronze','fighter','2021-09-03 07:29:57',2,'94d2c4cf-ceb8-494b-8e0c-35cce63dac5c.jpg'),(13,'nedo@fantasy.com','$2b$10$B2kLMz1E/FV5Vl8XqsdqSuyrl.a3jJKYswC9PkZRNXbtuKz2WQ42a','Nedo','Carpera','bronze','fighter','2021-09-03 07:31:17',2,'e770eee2-d02f-4a87-b0ff-fe9662e6f2f9.jpg'),(14,'deva@fantasy.com','$2b$10$TRvc9faNmU2ju.m/UTzm..qd1A31nOjTZ1csHBqD6VzebBFDKziiS','Deva','Jelric','bronze','fighter','2021-09-03 07:32:31',2,'53f042a8-c5bd-4221-98f9-07b6e5dd8002.jpg'),(15,'carly@fantasy.com','$2b$10$xLdjBuLM2rvvpkwcGOFcjesddA.cRhAbu3JynjJZaeG0XqB6H/TQC','Carlytte','Xod','bronze','fighter','2021-09-03 07:34:50',2,'698b47cf-d855-4b27-b3d4-a4d5f3daaa2c.jpg'),(16,'krado@fantasy.com','$2b$10$Ol7sfN9E38ij6uPja5FjtO/TdTAnaJ/wC.SO31ft1RuQArdKK4Lpm','Krado','D\'Quintan','bronze','fighter','2021-09-03 07:43:46',2,'6a8d3034-7cfd-4e31-8dc7-d649a997671e.jpg'),(17,'rauk@fantasy.com','$2b$10$sxrVkpxb4SIVQmz4LLURBe66PVsrXBJAQ/z0v1RV1uJb3W3WZkDbW','Rauki','Fauni Alor','bronze','fighter','2021-09-03 07:45:41',2,'bd34caec-0617-48ba-a9ee-3d47582c7fad.jpg'),(18,'vasy@fantasy.com','$2b$10$R2d2JC98OYyUn500EhHKYOpnXedHg6yH80VvL0Jz7ffSx12VL3pni','Vasylia','Angala','bronze','fighter','2021-09-03 07:47:11',2,'696ee09c-ebc2-4fe0-923a-d37c5879be72.jpg'),(19,'valo@fantasy.com','$2b$10$GRbqrS2hFGG1YJqHcDH2Ou/LUOcHObKvcMfdqD20/opPuaKgPmUaG','Valoro','Lethalar','bronze','fighter','2021-09-03 07:48:09',2,'ee838503-f600-4e33-9be4-8816eeb2d4ee.jpg'),(20,'ryfin@fantasy.com','$2b$10$VoSu0KChK08lRwHRO5r3EOmCKiBdMfWs4e3F.TfNZim31iRMNss/a','Ryfindar','Stonefist','bronze','fighter','2021-09-03 07:49:47',2,'357098bd-03e2-4b50-8814-02f2585586e5.jpg'),(21,'eli@fantasy.com','$2b$10$pIKWnnN0AN7Kuva4knUkl.sW2x8PIZAa/y4z/A2yv/mdbTV0f210a','Elindine','Llathia','bronze','fighter','2021-09-03 07:52:34',2,'d1302b53-84e9-45d7-b92c-d98fbc043374.jpg'),(22,'larrini@fantasy.com','$2b$10$sERVHAbI6urfic/otjHUqOyuTaWHfrCAlulNQtZcJMRI/SA0FzQeO','Larrini','Tassian','bronze','fighter','2021-09-03 07:53:57',2,'84638fdc-b59b-40b5-8036-1552648af10a.jpg'),(23,'nasyra@fantasy.com','$2b$10$Mmg2Vs/HjwYDKFcxyXgbgO8P48nKEU9Hn3MjEK7l01l30pH/Ter4y','Nasyrrah','Lukiussi','bronze','fighter','2021-09-03 07:55:41',2,'67832cbe-0b41-4233-9ac5-fb9411188237.jpg'),(24,'hadena@fantasy.com','$2b$10$toq3l/ExTZ3Qneo8KLl38eBg6RfK2VvI2SoIm63wZF9e3JlUikpeK','Hadena','Famiar','gold','mage','2021-09-03 08:15:24',2,'afc2fd59-13e3-4656-ae4c-cd3344afc8e1.jpg'),(25,'boros@fantasy.com','$2b$10$WEIL6WEv2HoPj3qxkzz...OEpk7qgidqjZBqdifHHaER5r3ouMKx6','Boros','Johnan','gold','mage','2021-09-03 08:19:32',2,'969f12ab-62b9-456f-a8fb-2697d4dffaca.jpg'),(26,'sagana@fantasy.com','$2b$10$QlOsXtRph3gP1PdYrm6FF.ffKcfCbuj22Pg6BZvZ9LaXg54iURUCS','Sagana','Kyellian','gold','mage','2021-09-03 08:46:58',2,'6a6890e6-de74-4aa5-8ab8-cf409836e3c9.jpg'),(27,'zaya@fantasy.com','$2b$10$5DbdYzAOSNoNFGzsJORJle3JHjBxKe9tiAmG7lu/cT3PZJi/2Jw.G','Zayanara','Olaka','gold','mage','2021-09-03 08:48:12',2,'500f2165-19c1-4cb5-bb42-7d867b07a514.jpg'),(28,'rocca@fantasy.com','$2b$10$/EqREa.1Zt2.9DrwkoermeNwNEFXbtXm.H81I2Wow6NJTtWVIVDfO','Rocca','Omettiore','gold','mage','2021-09-03 08:49:00',2,'2df5ad5b-cc8b-428f-88cf-5a44de18deef.jpg'),(29,'hyara@fantasy.com','$2b$10$EzIHxLg5AiO8leC.YuNBMe8/EufXRzQmEzyAyUCT0k7/oy8V/A/k2','Hyara','Del Laggo','gold','mage','2021-09-03 08:50:08',2,'e733c5a6-91da-4eb0-b852-0452f0b915ca.jpg'),(30,'cassemir@fantasy.com','$2b$10$GydAYXnadfZWVqTDEMj8POY.l/uWUEETzYCsEG.y2DCofyJsuvXEe','Cassemir','Goh\'Rein','gold','mage','2021-09-03 08:51:38',2,'1b5438b3-87ba-4f6e-98d2-03574cac9f70.jpg'),(31,'akina@fantasy.com','$2b$10$Y.V2p.lbOZHOP1mYbWePxe3IkGWm1RpO5plHM.jQxq0j3RrUtE3A6','Akina','Rei\'Farissa','gold','mage','2021-09-03 08:52:36',2,'b2a32677-6376-4af3-ac95-e56c9e746e9d.jpg'),(32,'darkperl@abv.bg','$2b$10$WH25fMLYm.RvC72Z0uOoyOqwpKvdCt34fz6g3o0T0ZqiMvIvzhtLq','Nikoleta','Minkova','gold','mage','2021-09-03 10:23:39',2,'76b8ceda-75d9-48d2-8220-8d69e766f26e.jpg');
/*!40000 ALTER TABLE `users` ENABLE KEYS */;
UNLOCK TABLES;
/*!40103 SET TIME_ZONE=@OLD_TIME_ZONE */;

/*!40101 SET SQL_MODE=@OLD_SQL_MODE */;
/*!40014 SET FOREIGN_KEY_CHECKS=@OLD_FOREIGN_KEY_CHECKS */;
/*!40014 SET UNIQUE_CHECKS=@OLD_UNIQUE_CHECKS */;
/*!40101 SET CHARACTER_SET_CLIENT=@OLD_CHARACTER_SET_CLIENT */;
/*!40101 SET CHARACTER_SET_RESULTS=@OLD_CHARACTER_SET_RESULTS */;
/*!40101 SET COLLATION_CONNECTION=@OLD_COLLATION_CONNECTION */;
/*!40111 SET SQL_NOTES=@OLD_SQL_NOTES */;

-- Dump completed on 2021-09-05 12:21:14
